	MIM_number	Associated_disease	Gene name	MIM_entry_type	Entrez_id	Approved_Symbol	Ensembl_id
0	609300	17-alpha-hydroxylase17,20-lyasedeficiency	CYP17A1	gene	1586.0	CYP17A1	ENSG00000148795
1	600529	3-methylglutaconic aciduria, type I	AUH	gene	549.0	AUH	ENSG00000148090
2	300859	3C syndrome	CCDC22	gene	28952.0	CCDC22	ENSG00000101997
3	605573	46,XY disorder of sex development due to 17-beta- hydroxysteroid dehydrogenase 3 deficiency	HSD17B3	gene	3293.0	HSD17B3	ENSG00000130948
4	118485	46,XY disorder of sex development-adrenal insufficiency due to CYP11A1 deficiency syndrome, Inherited isolated adrenal insufficiency due to CYP11A1 deficiency	CYP11A1	gene	1583.0	CYP11A1	ENSG00000140459
5	614243	5-oxoprolinase deficiency	OPLAH	gene	26873.0	OPLAH	ENSG00000178814
6	607343	Acro-renal-ocular syndrome, Duane-Radial Ray Syndrome IVIC Syndrome	SALL4	gene	57167.0	SALL4	ENSG00000101115
7	611254	Acrocallosal syndrome	KIF7	gene	374654.0	KIF7	ENSG00000166813
8	600275	Acroosteolysis dominant type, Alagille syndrome 2, Hajdu- Cheney Syndrome	NOTCH2	gene	4853.0	NOTCH2	ENSG00000134250
9	605185	Adams-Oliver syndrome 6	DLL4	gene	54567.0	DLL4	ENSG00000128917
10	102600	Adenine phosphoribosyltransferase deficiency	APRT	gene	353.0	APRT	ENSG00000198931
11	613815	Adrenal hyperplasia, congenital, due to 21-hydroxylase deficiency, Hyperandrogenism, nonclassic type, due to 21- hydroxylase deficiency	CYP21A2	gene	1589.0	CYP21A2	ENSG00000231852
12	300473	Adrenal hypoplasia, congenital, with hypogonadotropic hypogonadism	NR0B1	gene	190.0	NR0B1	ENSG00000169297
13	601920	Alagille syndrome type 1	JAG1	gene	182.0	JAG1	ENSG00000101384
14	607474	Alkaptonuria	HGD	gene	3081.0	HGD	ENSG00000113924
15	120070	Alport syndrome	COL4A3	gene	1285.0	COL4A3	ENSG00000169031
16	303630	Alport syndrome	COL4A5	gene	1287.0	COL4A5	ENSG00000188153
17	120131	Alport syndrome, nephrotic syndrome (FSGS 1)	COL4A4	gene	1286.0	COL4A4	ENSG00000081052
18	606844	Alstrom syndrome	ALMS1	gene	7840.0	ALMS1	ENSG00000116127
19	601089	Alveolar capillary dysplasia with misalignment of pulmonary veins, acdmpv	FOXF1	gene	2294.0	FOXF1	ENSG00000103241
20	611062	Amelogenesis imperfecta-nephrocalcinosis syndrome, Amelogenesis imperfecta type IG (enamel-renal syndrome)	FAM20A	gene	54757.0	FAM20A	ENSG00000108950
21	150310	Amelogenesis imperfecta, type IA, Epidermolysis bullosa, junctional, Herlitz type, Epidermolysis bullosa, junctional, non- Herlitz type	LAMB3	gene	3914.0	LAMB3	ENSG00000196878
22	109700	Amyloidosis, familial visceral	B2M	gene	567.0	B2M	ENSG00000166710
23	107680	Amyloidosis, familial visceral, 3 or more types	APOA1	gene	335.0	APOA1	ENSG00000118137
24	134820	Amyloidosis, familial visceral, hereditary renal	FGA	gene	2243.0	FGA	ENSG00000171560
25	153450	Amyloidosis, familial visceral, renal	LYZ	gene	4069.0	LYZ	ENSG00000090382
26	137350	Amyloidosis, Finnish type cerebral amyloid angiopathy, GSN- related	GSN	gene	2934.0	GSN	ENSG00000148180
27	176300	Amyloidosis, hereditary, transthyretin-related	TTR	gene	7276.0	TTR	ENSG00000118271
28	614232	Apparent mineralocorticoid excess	HSD11B2	gene	3291.0	HSD11B2	ENSG00000176387
29	606145	Arterial tortuosity syndrome,ats	SLC2A10	gene	81031.0	SLC2A10	ENSG00000197496
30	608552	Arthrogryposis, renal dysfunction, and cholestasis 1, arcs1	VPS33B	gene	26276.0	VPS33B	ENSG00000184056
31	613401	Arthrogryposis, renal dysfunction, and cholestasis 2, arcs2	VIPAS39	gene	63894.0	VIPAS39	ENSG00000151445
32	150330	Atypical Werner syndrome Laminopathy type Decaudain- Vigouroux LMNA-related cardiocutaneous progeria syndrome, Restrictive Dermopathy, Lethal	LMNA	gene	4000.0	LMNA	ENSG00000160789
33	176947	Autoimmune Disease, multisystem, infantile-onset, 2	ZAP70	gene	7535.0	ZAP70	ENSG00000115085
34	601924	Autoimmune interstitial lung, joint, and kidney disease	COPA	gene	1314.0	COPA	ENSG00000122218
35	601762	Autoimmune Lymhoproliferative syndrome type 2A	CASP10	gene	843.0	CASP10	ENSG00000003400
36	176977	Autoimmune lymphoproliferative syndrome, type 2	PRKCD	gene	5580.0	PRKCD	ENSG00000163932
37	191190	Autosomal dominant periodic fever syndrome	TNFRSF1A	gene	7132.0	TNFRSF1A	ENSG00000067182
38	606702	Autosomal recessive polycystic kidney disease, Polycystic and hepatic disease	PKHD1	gene	5314.0	PKHD1	ENSG00000170927
39	602768	Autosomal recessive spondylocostal dysostosis	DLL3	gene	10683.0	DLL3	ENSG00000090932
40	608059	Autosomal recessive spondylocostal dysostosis	HES7	gene	84667.0	HES7	ENSG00000179111
41	602576	Autosomal recessive spondylocostal dysostosis	LFNG	gene	3955.0	LFNG	ENSG00000106003
42	605195	Autosomal recessive spondylocostal dysostosis	MESP2	gene	145873.0	MESP2	ENSG00000188095
43	609891	Autosomal recessive spondylocostal dysostosis	RIPPLY2	gene	134701.0	RIPPLY2	ENSG00000203877
44	601542	Axenfeld-Rieger syndrome, type 1, Iridogoniodysgenesis, type 2, Peters anomaly, Ring dermoid of cornea	PITX2	gene	5308.0	PITX2	ENSG00000164093
45	601090	Axenfeld-Rieger syndrome, Type 3	FOXC1	gene	2296.0	FOXC1	ENSG00000054598
46	603780	Baller-gerold syndrome	RECQL4	gene	9401.0	RECQL4	ENSG00000160957
47	602876	Band-like calcification with simplified gyration and polymicogyria	OCLN	gene	100506658.0	OCLN	ENSG00000197822
48	102630	Baraitser-Winter syndrome 1	ACTB	gene	60.0	ACTB	ENSG00000075624
49	606568	Bardet Biedl syndrome type 17	LZTFL1	gene	54585.0	LZTFL1	ENSG00000163818
50	613580	Bardet-Biedl syndrome	WDPCP	gene	51057.0	WDPCP	ENSG00000143951
51	209901	Bardet-Biedl syndrome 1	BBS1	gene	582.0	BBS1	ENSG00000174483
52	610148	Bardet-Biedl syndrome 10	BBS10	gene	79738.0	BBS10	ENSG00000179941
53	602290	Bardet-biedl syndrome 11	TRIM32	gene	22954.0	TRIM32	ENSG00000119401
54	610683	Bardet-Biedl syndrome 12	BBS12	gene	166379.0	BBS12	ENSG00000181004
55	613605	Bardet-Biedl syndrome 18	BBIP1	gene	92482.0	BBIP1	ENSG00000214413
56	615870	Bardet-Biedl syndrome 19	IFT27	gene	11020.0	IFT27	ENSG00000100360
57	606151	Bardet-Biedl syndrome 2	BBS2	gene	583.0	BBS2	ENSG00000125124
58	608845	Bardet-biedl syndrome 3	ARL6	gene	84100.0	ARL6	ENSG00000113966
59	600374	Bardet-Biedl Syndrome 4	BBS4	gene	585.0	BBS4	ENSG00000140463
60	603650	Bardet-Biedl Syndrome 5	BBS5	gene	129880.0	BBS5	ENSG00000163093
61	604896	Bardet-biedl syndrome 6, McKusick-Kaufman syndrome	MKKS	gene	8195.0	MKKS	ENSG00000125863
62	607590	Bardet-Biedl syndrome 7	BBS7	gene	55212.0	BBS7	ENSG00000138686
63	608132	Bardet-Biedl Syndrome 8	TTC8	gene	123016.0	TTC8	ENSG00000165533
64	607968	Bardet-Biedl syndrome 9	BBS9	gene	27241.0	BBS9	ENSG00000122507
65	607100	Bardet-Biedl syndrome, Nephronophthisis 1 (juvenile), Senior- Loken syndrome, Joubert syndrome 4	NPHP1	gene	4867.0	NPHP1	ENSG00000144061
66	607386	Bardet-Biedl syndrome, Short rib-polydactyly syndrome (Jeune's syndrome) type 10	IFT172	gene	26160.0	IFT172	ENSG00000138002
67	600839	Bartter syndrome, type 1, antenatal	SLC12A1	gene	6557.0	SLC12A1	ENSG00000074803
68	602023	Bartter syndrome, type 3 and type 4b	CLCNKB	gene	1188.0	CLCNKB	ENSG00000184908
69	606412	Bartter Syndrome, Type 4a, neonatal	BSND	gene	7809.0	BSND	ENSG00000162399
70	300470	Bartter syndrome, type 5, antenatal, transient	MAGED2	gene	10916.0	MAGED2	ENSG00000102316
71	602024	Bartter's Syndrome Type 4b, Neonatal	CLCNKA	gene	1187.0	CLCNKA	ENSG00000186510
72	600359	Bartter's syndrome, type 2	KCNJ1	gene	3758.0	KCNJ1	ENSG00000151704
73	615403	Beaulieu-Boycott-Innes Syndrome	THOC6	gene	79228.0	THOC6	ENSG00000131652
74	600856	Beckwith-wiedemann syndrome, IMAGE syndrome	CDKN1C	gene	1028.0	CDKN1C	ENSG00000129757
75	606673	Beta-ureidopropionase deficiency	UPB1	gene	51733.0	UPB1	ENSG00000100024
76	608944	Bifid nose with or without anorectal and renal anomalies	FREM1	gene	158326.0	FREM1	ENSG00000164946
77	607273	Birt-Hogg-Dube Syndrome	FLCN	gene	201163.0	FLCN	ENSG00000154803
78	180468	Blackfan-Diamond anemia	RPL35A	gene	6165.0	RPL35A	ENSG00000182899
79	603634	Blackfan-Diamond anemia	RPL5	gene	6125.0	RPL5	ENSG00000122406
80	603632	Blackfan-Diamond anemia	RPS10	gene	6204.0	RPS10	ENSG00000124614
81	180472	Blackfan-Diamond anemia	RPS17	gene	6218.0	RPS17	ENSG00000182774
82	602412	Blackfan-Diamond anemia	RPS24	gene	6229.0	RPS24	ENSG00000138326
83	603685	Blackfan-Diamond anemia	RPS28	gene	6234.0	RPS28	ENSG00000233927
84	603633	Blackfan-Diamond anemia	RPS29	gene	6235.0	RPS29	ENSG00000213741
85	603658	Blackfan-Diamond anemia	RPS7	gene	6201.0	RPS7	ENSG00000171863
86	300945	Blackfan-Diamond anemia	TSR2	gene	90121.0	TSR2	ENSG00000158526
87	612990	Bohring-Opitz syndrome	ASXL1	gene	171023.0	ASXL1	ENSG00000171456
88	601205	Branchio-oto-renal syndrome	SIX1	gene	6495.0	SIX1	ENSG00000126778
89	601653	Branchio-oto-renal syndrome 1	EYA1	gene	2138.0	EYA1	ENSG00000104313
90	600963	Branchio-oto-renal syndrome 2	SIX5	gene	147912.0	SIX5	ENSG00000177045
91	107580	Branchiooculofacial Syndrome	TFAP2A	gene	7020.0	TFAP2A	ENSG00000137203
92	611595	Burn-McKeown syndrome	TXNL4A	gene	10907.0	TXNL4A	ENSG00000141759
93	606037	C syndrome	CD96	gene	10225.0	CD96	ENSG00000153283
94	120550	C1q Deficiency	C1QA	gene	712.0	C1QA	ENSG00000173372
95	120570	C1q Deficiency	C1QB	gene	713.0	C1QB	ENSG00000173369
96	120575	C1q Deficiency	C1QC	gene	714.0	C1QC	ENSG00000159189
97	613927	C2 Deficiency	C2	gene	717.0	C2	ENSG00000166278
98	608160	Campomelic dysplasia	SOX9	gene	6662.0	SOX9	ENSG00000125398
99	190070	Cardiofaciocutaneous syndrome	KRAS	gene	3845.0	KRAS	ENSG00000133703
100	176872	Cardiofaciocutaneous syndrome	MAP2K1	gene	5604.0	MAP2K1	ENSG00000169032
101	601263	Cardiofaciocutaneous syndrome	MAP2K2	gene	5605.0	MAP2K2	ENSG00000126934
102	600528	Carnitine palmitoyl transferase 1A deficiency	CPT1A	gene	1374.0	CPT1A	ENSG00000110090
103	606144	Carpenter syndrome	RAB23	gene	51715.0	RAB23	ENSG00000112210
104	611910	Cataract, juvenile, with microcornea and glucosuria	SLC16A12	gene	387700.0	SLC16A12	ENSG00000152779
105	610622	Caudal regression sequence	FUZ	gene	80199.0	FUZ	ENSG00000010361
106	610132	Caudal regression syndrome	VANGL1	gene	81839.0	VANGL1	ENSG00000173218
107	604270	Cenani-lenz syndactyly syndrome	LRP4	gene	4038.0	LRP4	ENSG00000134569
108	182282	Cerebrocostomandibular syndrome	SNRPB	gene	6628.0	SNRPB	ENSG00000125835
109	608892	CHARGE syndrome	CHD7	gene	55636.0	CHD7	ENSG00000171316
110	608166	Charge syndrome	SEMA3E	gene	9723.0	SEMA3E	ENSG00000170381
111	300275	CHILD syndrome	NSDHL	gene	50814.0	NSDHL	ENSG00000147383
112	605947	CHIME syndrome	PIGL	gene	9487.0	PIGL	ENSG00000108474
113	300205	Chondrodysplasia punctata	EBP	gene	10682.0	EBP	ENSG00000147155
114	604417	CHOPS syndrome	AFF4	gene	27125.0	AFF4	ENSG00000072364
115	613190	Ciliary dyskinesia, primary, 13	DNAAF1	gene	123872.0	DNAAF1	ENSG00000154099
116	600644	Cleft lip,palate-ectodermal dysplasia syndrome	NECTIN1	gene	5818.0	NECTIN1	ENSG00000110400
117	609132	Cleft palate, psychomotor retardation, and distinctive facial features	KDM1A	gene	23028.0	KDM1A	ENSG00000004487
118	609412	Cockayne Syndrome, Type A	ERCC8	gene	1161.0	ERCC8	ENSG00000049167
119	609413	Cockayne syndrome, type B	ERCC6	gene	2074.0	ERCC6	ENSG00000225830
120	605490	CODAS syndrome	LONP1	gene	9361.0	LONP1	ENSG00000196365
121	609825	Coenzyme q10 deficiency	COQ2	gene	27235.0	COQ2	ENSG00000173085
122	607429	Coenzyme Q10 deficiency, primary, 2	PDSS1	gene	23590.0	PDSS1	ENSG00000148459
123	610564	Coenzyme q10 deficiency, primary, 3	PDSS2	gene	57107.0	PDSS2	ENSG00000164494
124	612837	Coenzyme Q10 deficiency, primary, 5	COQ9	gene	57017.0	COQ9	ENSG00000088682
125	614647	Coenzyme Q10 deficiency, primary, 6	COQ6	gene	51004.0	COQ6	ENSG00000119723
126	601683	Coenzyme Q10 deficiency, primary, 8	COQ7	gene	10229.0	COQ7	ENSG00000167186
127	603024	Coffin-Siris syndrome	ARID1A	gene	8289.0	ARID1A	ENSG00000117713
128	614556	Coffin-Siris syndrome	ARID1B	gene	57492.0	ARID1B	ENSG00000049618
129	603111	Coffin-Siris syndrome	SMARCE1	gene	6605.0	SMARCE1	ENSG00000073584
130	606608	Coloboma, ocular, Coloboma, ocular, with or without hearing impairment, cleft lip palate, and or mental retardation	YAP1	gene	10413.0	YAP1	ENSG00000137693
131	190315	Combined D-2- and L-2-hydroxyglutaric aciduria	SLC25A1	gene	6576.0	SLC25A1	ENSG00000100075
132	614917	Combined oxidative phosphorylation deficiency 11	RMND1	gene	55005.0	RMND1	ENSG00000155906
133	612803	Combined oxidative phosphorylation deficiency 24	NARS2	gene	79731.0	NARS2	ENSG00000137513
134	611023	Combined oxidative phosphorylation deficiency 26	TRMT5	gene	57570.0	TRMT5	ENSG00000126814
135	605810	Combined oxidative phosphorylation deficiency 5	MRPS22	gene	56945.0	MRPS22	ENSG00000175110
136	120700	Complement component 3 deficiency	C3	gene	718.0	C3	ENSG00000125730
137	120810	Complement component 4A deficiency	C4A	gene	720.0	C4A	ENSG00000244731
138	134370	Complement factor h deficiency	CFH	gene	3075.0	CFH	ENSG00000000971
139	217030	Complement factor I deficiency	CFI	gene	3426.0	CFI	ENSG00000205403
140	610613	Congenital adrenal hyperplasia due to 11-beta-hydroxylase deficiency	CYP11B1	gene	1584.0	CYP11B1	ENSG00000160882
141	613890	Congenital adrenal hyperplasia due to 3-beta-hydroxysteroid dehydrogenase deficiency	HSD3B2	gene	3284.0	HSD3B2	ENSG00000203859
142	124015	Congenital adrenal hyperplasia due to cytochrome P450 oxidoreductase deficiency, Antley-Bixler Syndrome with Genital Anomalies and Disordered Steroidogenesis	POR	gene	5447.0	POR	ENSG00000127948
143	602868	Congenital Anomalies of the Kidney and the Urinary Tract	CDC5L	gene	988.0	CDC5L	ENSG00000096401
144	612666	Congenital Anomalies of the Kidney and the Urinary Tract	DSTYK	gene	25778.0	DSTYK	ENSG00000133059
145	600837	Congenital Anomalies of the Kidney and the Urinary Tract	GDNF	gene	2668.0	GDNF	ENSG00000168621
146	603746	Congenital Anomalies of the Kidney and the Urinary Tract	SLIT2	gene	9353.0	SLIT2	ENSG00000145147
147	606219	Congenital Anomalies of the Kidney and the Urinary Tract	TRAP1	gene	10131.0	TRAP1	ENSG00000126602
148	601785	Congenital disorder of glycosylation, type Ia	PMM2	gene	5373.0	PMM2	ENSG00000140650
149	114010	Congenital disorder of glycosylation, type Iz	CAD	gene	790.0	CAD	ENSG00000084774
150	604613	Congenital hydronephrosisCongenital anomalies of Kidney and Urinary Tract 2	TBX18	gene	9096.0	TBX18	ENSG00000112837
151	602716	Congenital nephrotic syndrome, Finnish type	NPHS1	gene	4868.0	NPHS1	ENSG00000161270
152	300017	Congenital short bowel syndrome Melnick-Needles syndrome Otopalatodigital syndrome, type 2, Frontometaphyseal Dysplasia	FLNA	gene	2316.0	FLNA	ENSG00000196924
153	300269	Cornelia de Lange syndrome	HDAC8	gene	55869.0	HDAC8	ENSG00000147099
154	300040	Cornelia de Lange syndrome	SMC1A	gene	8243.0	SMC1A	ENSG00000072501
155	608667	Cornelia de lange syndrome type 1	NIPBL	gene	25836.0	NIPBL	ENSG00000164190
156	190020	Costello syndrome	HRAS	gene	3265.0	HRAS	ENSG00000174775
157	171834	Cowden syndrome	PIK3CA	gene	5290.0	PIK3CA	ENSG00000121879
158	602413	Cowden syndrome	SDHC	gene	6391.0	SDHC	ENSG00000143252
159	185470	Cowden Syndrome 2, Pheochormocytoma Paragangliomas 4	SDHB	gene	6390.0	SDHB	ENSG00000117118
160	601728	Cowden syndrome, VATER association with macrocephaly and ventriculomegaly	PTEN	gene	5728.0	PTEN	ENSG00000171862
161	606045	Cranioectodermal dysplasia type 1	IFT122	gene	55764.0	IFT122	ENSG00000163913
162	614068	Cranioectodermal dysplasia type 3	IFT43	gene	112752.0	IFT43	ENSG00000119650
163	614123	Craniofacial dysmorphism, skeletal anomalies, and mental retardation syndrome	TMCO1	gene	54499.0	TMCO1	ENSG00000143183
164	142994	Currarino syndrome	MNX1	gene	3110.0	MNX1	ENSG00000130675
165	615549	Cushing syndrome due to macronodular adrenal hyperplasia	ARMC5	gene	79798.0	ARMC5	ENSG00000140691
166	604633	Cutis laxa type 1	EFEMP2	gene	30008.0	EFEMP2	ENSG00000172638
167	604580	Cutis laxa type IA	FBLN5	gene	10516.0	FBLN5	ENSG00000140092
168	604710	Cutis laxa, autosomal recessive, type IC	LTBP4	gene	8425.0	LTBP4	ENSG00000090006
169	606272	Cystinosis, nephropathic cystinosis, late-onset juvenile or adolescent nephropathic	CTNS	gene	1497.0	CTNS	ENSG00000040531
170	104614	Cystinuria	SLC3A1	gene	6519.0	SLC3A1	ENSG00000138079
171	604144	Cystinuria	SLC7A9	gene	11136.0	SLC7A9	ENSG00000021488
172	601860	D-bifunctional protein deficiency	HSD17B4	gene	3295.0	HSD17B4	ENSG00000133835
173	300535	Dent disease 2 Lowe syndrome	OCRL	gene	4952.0	OCRL	ENSG00000122126
174	300008	Dent disease nephrolithiasis type 1 hypophosphatemic Rickets	CLCN5	gene	1184.0	CLCN5	ENSG00000171365
175	607102	Denys-Drash syndrome, Frasier syndrome, Nephrotic syndrome type 4, Wilms tumor type 1	WT1	gene	7490.0	WT1	ENSG00000184937
176	603527	Developmental delay with short stature, dysmorphic features, and sparse hair	DPH1	gene	1801.0	DPH1	ENSG00000108963
177	107777	Diabetes insipidus, nephrogenic	AQP2	gene	359.0	AQP2	ENSG00000167580
178	192340	Diabetes insipidus, neurohypophyseal	AVP	gene	551.0	AVP	ENSG00000101200
179	142410	Diabetes mellitus, insulin-dependent, 20, MODY, type 3, Renal cell carcinoma	HNF1A	gene	6927.0	HNF1A	ENSG00000135100
180	610192	Diabetes Mellitus, Neonatal, With Congenital Hypothyroidism	GLIS3	gene	169792.0	GLIS3	ENSG00000107249
181	603474	Diamond-Blackfan anemia 1	RPS19	gene	6223.0	RPS19	ENSG00000105372
182	603701	Diamond-Blackfan anemia 10	RPS26	gene	6231.0	RPS26	ENSG00000197728
183	603704	Diamond-Blackfan anemia 11	RPL26	gene	6154.0	RPL26	ENSG00000161970
184	604175	Diamond-Blackfan anemia 7	RPL11	gene	6135.0	RPL11	ENSG00000142676
185	608699	Diaphanospondylodysostosis	BMPER	gene	168667.0	BMPER	ENSG00000164619
186	605124	Diarrhea 3, secretory sodium, congenital, syndromic	SPINT2	gene	10653.0	SPINT2	ENSG00000167642
187	133550	Dicarboylic aminoaciduria	SLC1A1	gene	6505.0	SLC1A1	ENSG00000106688
188	600073	Donnai-barrow syndrome	LRP2	gene	4036.0	LRP2	ENSG00000081479
189	613577	DOOR syndrome	TBC1D24	gene	57465.0	TBC1D24	ENSG00000162065
190	613129	Dyskeratosis congenita	CTC1	gene	80169.0	CTC1	ENSG00000178971
191	606470	Dyskeratosis congenita	NHP2	gene	55651.0	NHP2	ENSG00000145912
192	602322	Dyskeratosis congenita	TERC	gene	7012.0	TERC	ENSG00000277925
193	300126	Dyskeratosis Congenita, X-linked	DKC1	gene	1736.0	DKC1	ENSG00000130826
194	603273	EEC syndrome, Ectrodactyly, ectodermal dysplasia, and cleft lip,palate syndrome 3	TP63	gene	8626.0	TP63	ENSG00000073282
195	614505	Ehlers-Danlos syndrome with progressive kyphoscoliosis, myopathy, and hearing loss	FKBP14	gene	55033.0	FKBP14	ENSG00000106080
196	120215	Ehlers-Danlos syndrome, classic type	COL5A1	gene	1289.0	COL5A1	ENSG00000130635
197	608429	Ehlers-Danlos syndrome, musculocontractural type 1	CHST14	gene	113189.0	CHST14	ENSG00000169105
198	153454	Ehlers-Danlos syndrome, type 6	PLOD1	gene	5351.0	PLOD1	ENSG00000083444
199	604831	Ellis Van Creveld syndrome	EVC	gene	2121.0	EVC	ENSG00000072840
200	607261	Ellis Van Creveld syndrome	EVC2	gene	132884.0	EVC2	ENSG00000173040
201	136350	Encephalocraniocutaneous Lipomatosis, Kallmann syndrome 2, kal2	FGFR1	gene	2260.0	FGFR1	ENSG00000077782
202	612325	Endocrine-cerebroosteodysplasia	ICK	gene	22858.0	CILK1	ENSG00000112144
203	150292	Epidermolysis bullosa, junctional, Herlitz type, Epidermolysis bullosa, junctional, non-Herlitz type	LAMC2	gene	3918.0	LAMC2	ENSG00000058085
204	147557	Epidermolysis bullosa, junctional, with pyloric atresia	ITGB4	gene	3691.0	ITGB4	ENSG00000132470
205	602257	Epilepsy, Progressive Myoclonic, 4 with or without Renal Failure	SCARB2	gene	950.0	SCARB2	ENSG00000138760
206	600548	Even-plus syndrome	HSPA9	gene	3313.0	HSPA9	ENSG00000113013
207	300644	Fabry Disease	GLA	gene	2717.0	GLA	ENSG00000102393
208	603722	Familial dysautonomia, Hereditary sensory and autonomic neuropathy type 3, hsan3	IKBKAP	gene	8518.0	ELP1	ENSG00000070061
209	608107	Familial Mediterranean fever	MEFV	gene	4210.0	MEFV	ENSG00000103313
210	610036	Familial primary hypomagnesemia with hypercalciuria and nephrocalcinosis with severe ocular involvement, Hypomagnesemia 5, renal, with ocular involvement	CLDN19	gene	149461.0	CLDN19	ENSG00000164007
211	605882	Fanconi anemia	BRIP1	gene	83990.0	BRIP1	ENSG00000136492
212	613897	Fanconi anemia	FANCF	gene	2188.0	FANCF	ENSG00000183161
213	602956	Fanconi anemia	FANCG	gene	2189.0	FANCG	ENSG00000221829
214	609644	Fanconi anemia	FANCM	gene	57697.0	FANCM	ENSG00000187790
215	610538	Fanconi anemia	UBE2T	gene	29089.0	UBE2T	ENSG00000077152
216	607139	Fanconi anemia, complementation group a	FANCA	gene	2175.0	FANCA	ENSG00000187741
217	300515	Fanconi anemia, complementation group b	FANCB	gene	2187.0	FANCB	ENSG00000181544
218	613899	Fanconi anemia, complementation group c	FANCC	gene	2176.0	FANCC	ENSG00000158169
219	613984	Fanconi anemia, Complementation group d2	FANCD2	gene	2177.0	FANCD2	ENSG00000144554
220	613976	Fanconi anemia, complementation group e	FANCE	gene	2178.0	FANCE	ENSG00000112039
221	611360	Fanconi anemia, complementation group I	FANCI	gene	55215.0	FANCI	ENSG00000140525
222	608111	Fanconi anemia, complementation group L	FANCL	gene	55120.0	FANCL	ENSG00000115392
223	610355	Fanconi Anemia, Complementation Group N	PALB2	gene	79728.0	PALB2	ENSG00000083093
224	602774	Fanconi anemia, complementation group O	RAD51C	gene	5889.0	RAD51C	ENSG00000108384
225	613278	Fanconi anemia, complementation group P	SLX4	gene	84464.0	SLX4	ENSG00000188827
226	133520	Fanconi anemia, Xeroderma pigmentosum, type f, Cockayne syndrome	ERCC4	gene	2072.0	ERCC4	ENSG00000175595
227	182309	Fanconi renotubular syndrome 2 hypercalcemia, infantile, 2 nephrolithiasis,osteoporosis, hypophosphatemic, 1	SLC34A1	gene	6569.0	SLC34A1	ENSG00000131183
228	607037	Fanconi renotubular syndrome 3	EHHADH	gene	1962.0	EHHADH	ENSG00000113790
229	138160	Fanconi-Bickel syndrome	SLC2A2	gene	6514.0	SLC2A2	ENSG00000163581
230	160775	Fechtner syndrome, Epstein Syndrome	MYH9	gene	4627.0	MYH9	ENSG00000100345
231	164840	Feingold syndrome	MYCN	gene	4613.0	MYCN	ENSG00000134323
232	609415	Feingold syndrome 2, Brachydactyly with short stature and microcephaly	MIR17HG	gene	407975.0	MIR17HG	ENSG00000215417
233	611421	Floating-Harbor syndrome	SRCAP	gene	10847.0	SRCAP	ENSG00000080603
234	300651	Focal dermal hypoplasia	PORCN	gene	64840.0	PORCN	ENSG00000102312
235	607556	Focal facial dermal dysplasia type 3	TWIST2	gene	117581.0	TWIST2	ENSG00000233608
236	604638	Focal Segmental Glomerulosclerosis 1	ACTN4	gene	81.0	ACTN4	ENSG00000130402
237	603652	Focal Segmental Glomerulosclerosis 2	TRPC6	gene	7225.0	TRPC6	ENSG00000137672
238	610982	Focal Segmental Glomerulosclerosis 5 Charcot-Marie-Tooth disease E	INF2	gene	64423.0	INF2	ENSG00000203485
239	616027	Focal Segmental Glomerulosclerosis 8	ANLN	gene	54443.0	ANLN	ENSG00000011426
240	607830	Fraser syndrome	FRAS1	gene	80144.0	FRAS1	ENSG00000138759
241	608945	Fraser syndrome	FREM2	gene	341640.0	FREM2	ENSG00000150893
242	604597	Fraser syndrome	GRIP1	gene	23426.0	GRIP1	ENSG00000155974
243	609720	FSGS 9 Ventriculomegaly with cystic kidney disease	CRB2	gene	286204.0	CRB2	ENSG00000148204
244	616144	Galloway-Mowat syndrome	WDR73	gene	84942.0	WDR73	ENSG00000177082
245	606463	Gaucher disease	GBA	gene	2629.0	GBA	ENSG00000177628
246	605880	Genitopatellar syndrome	KAT6B	gene	23522.0	KAT6B	ENSG00000156650
247	606941	Gillessen-Kaesbach-Nishimura sundrome (GIKANIS), Congenital disorder of glycosylation, type 2	ALG9	gene	79796.0	ALG9	ENSG00000086848
248	600968	Gitelman syndrome	SLC12A3	gene	6559.0	SLC12A3	ENSG00000070915
249	135600	Glomerulopathy with fibronectin deposits 2	FN1	gene	2335.0	FN1	ENSG00000115414
250	601479	Glomerulosclerosis, focal segmental, 6	MYO1E	gene	4643.0	MYO1E	ENSG00000157483
251	130410	Glutaric acidemia 2b	ETFB	gene	2109.0	ETFB	ENSG00000105379
252	231675	Glutaric acidemia 2c	ETFDH	gene	2110.0	ETFDH	ENSG00000171503
253	608053	Glutaric aciduria 2a	ETFA	gene	2108.0	ETFA	ENSG00000140374
254	609187	Glutaric aciduria 3	SUGCT	gene	79783.0	SUGCT	ENSG00000175600
255	608801	Glutaricaciduria, type I	GCDH	gene	2639.0	GCDH	ENSG00000105607
256	613742	Glycogen storage disease Ia	G6PC	gene	2538.0	G6PC	ENSG00000131482
257	602671	Glycogen storage disease Ib Ic	SLC37A4	gene	2542.0	SLC37A4	ENSG00000137700
258	150000	Glycogen storage disease XI	LDHA	gene	3939.0	LDHA	ENSG00000134333
259	611458	GM1-gangliosidosis, type 1, type 2	GLB1	gene	2720.0	GLB1	ENSG00000170266
260	142959	Hand-foot-uterus syndrome	HOXA13	gene	3209.0	HOXA13	ENSG00000106031
261	608893	Hartnup Disorder Hyperglycinuria	SLC6A19	gene	340024.0	SLC6A19	ENSG00000174358
262	606871	Hemorrhagic destruction of the brain, subependymal calcification, and cataracts	JAM3	gene	83700.0	JAM3	ENSG00000166086
263	612753	Hennekam Lymphangiectasia-Lymphedema Syndrome	CCBE1	gene	147372.0	CCBE1	ENSG00000183287
264	120130	Hereditary angiopathy with nephropathy, aneurysms and Msucle cramps (HANAC)	COL4A1	gene	1282.0	COL4A1	ENSG00000187498
265	601284	Hereditary hemorrhagic telangiectasia	ACVRL1	gene	94.0	ACVRL1	ENSG00000139567
266	131195	Hereditary hemorrhagic telangiectasia	ENG	gene	2022.0	ENG	ENSG00000106991
267	605120	Hereditary hemorrhagic telangiectasia	GDF2	gene	2658.0	GDF2	ENSG00000263761
268	613891	Hereditary orotic aciduria	UMPS	gene	7372.0	UMPS	ENSG00000114491
269	604982	Hermansky-Pudlak syndrome 1	HPS1	gene	3257.0	HPS1	ENSG00000107521
270	606609	HERNS syndrome, Vasculopathy, retinal, with cerebral leukodystrophy	TREX1	gene	11277.0	TREX1	ENSG00000213689
271	610693	Hydrolethalus syndrome	HYLS1	gene	219844.0	HYLS1	ENSG00000198331
272	605197	Hydroxykynureninuria	KYNU	gene	8942.0	KYNU	ENSG00000115919
273	600734	Hyperaldosteronism,familial,type 3	KCNJ5	gene	3762.0	KCNJ5	ENSG00000120457
274	126065	Hypercalcemia infantile, 1	CYP24A1	gene	1591.0	CYP24A1	ENSG00000019186
275	608331	Hyperglycinuria	SLC36A2	gene	153201.0	SLC36A2	ENSG00000186335
276	605616	Hyperglycinuria	SLC6A20	gene	54716.0	SLC6A20	ENSG00000163817
277	604285	Hyperoxaluria, primary, type 1	AGXT	gene	189.0	AGXT	ENSG00000172482
278	604296	Hyperoxaluria, primary, type 2	GRHPR	gene	9380.0	GRHPR	ENSG00000137106
279	607393	Hyperparathyroidism 2	CDC73	gene	79577.0	CDC73	ENSG00000134371
280	606810	Hyperprolinemia, type I	PRODH	gene	5625.0	PRODH	ENSG00000100033
281	612804	Hyperuricemia, pulmonary hypertension, renal failure and alkalosis	SARS2	gene	54938.0	SARS2	ENSG00000104835
282	602242	Hypocalciuric hypercalcemia, familial type 3	AP2S1	gene	1175.0	AP2S1	ENSG00000042753
283	139313	Hypocalciuric hypercalcemia, type 2	GNA11	gene	2767.0	GNA11	ENSG00000088256
284	300836	Hypogonadotropic hypogonadism 1 with or without anosmia (Kallmann syndrome 1)	ANOS1	gene	3730.0	ANOS1	ENSG00000011201
285	114208	Hypokalemic periodic paralysis, hokpp	CACNA1S	gene	779.0	CACNA1S	ENSG00000081248
286	603967	Hypokalemic periodic paralysis, hokpp type2	SCN4A	gene	6329.0	SCN4A	ENSG00000007314
287	607009	Hypomagnesemia 1, intestinal	TRPM6	gene	140803.0	TRPM6	ENSG00000119121
288	601814	Hypomagnesemia 2, renal	FXYD2	gene	486.0	FXYD2	ENSG00000137731
289	603959	Hypomagnesemia 3, renal	CLDN16	gene	10686.0	CLDN16	ENSG00000113946
290	131530	Hypomagnesemia 4, renal	EGF	gene	1950.0	EGF	ENSG00000138798
291	176260	Hypomagnesemia associated with myokymia	KCNA1	gene	3736.0	KCNA1	ENSG00000111262
292	607803	Hypomagnesemia type 6 Hypomagnesemia, seizures, and mental retardation	CNNM2	gene	54805.0	CNNM2	ENSG00000148842
293	168450	Hypoparathyroidism	PTH	gene	5741.0	PTH	ENSG00000152266
294	604934	Hypoparathyroidism-retardation-dysmorphism syndrome, Kenny-Caffey syndrome, type 1	TBCE	gene	6905.0	TBCE	ENSG00000284770
295	131320	Hypoparathyroidism, deafness, renal disease syndrome	GATA3	gene	2625.0	GATA3	ENSG00000107485
296	603716	Hypoparathyroidism, familial isolated	GCM2	gene	9247.0	GCM2	ENSG00000124827
297	600980	Hypophosphataemic rickets	DMP1	gene	1758.0	DMP1	ENSG00000152592
298	173335	Hypophosphataemicrickets	ENPP1	gene	5167.0	ENPP1	ENSG00000197594
299	171760	Hypophosphatasia, infantile	ALPL	gene	249.0	ALPL	ENSG00000162551
300	300550	Hypophosphatemic rickets	PHEX	gene	5251.0	PHEX	ENSG00000102174
301	609826	Hypophosphatemic rickets with hypercalciuria, hereditary	SLC34A3	gene	142680.0	SLC34A3	ENSG00000198569
302	605380	Hypophosphatemic Rickets, autosomal dominant Tumoral Calcinosis, hyperphosphatemic, familial	FGF23	gene	8074.0	FGF23	ENSG00000118972
303	601618	Hypotrichosis-lymphedema-telangiectasia-renal defect syndrome	SOX18	gene	54345.0	SOX18	ENSG00000203883
304	607096	Hypouricemia, renal, 1, rhuc1	SLC22A12	gene	116085.0	SLC22A12	ENSG00000197891
305	606142	Hypouricemia, renal, 2	SLC2A9	gene	56606.0	SLC2A9	ENSG00000109667
306	300294	IFAP Syndrome with or without Bresheck Syndrome	MBTPS2	gene	51360.0	MBTPS2	ENSG00000012174
307	172100	Immunodeficiency 23	PGM3	gene	5238.0	PGM3	ENSG00000013375
308	602900	Immunodeficiency-centromeric instability, facial anomalies syndrome 1, icf1	DNMT3B	gene	1789.0	DNMT3B	ENSG00000088305
309	107265	Immunodeficiency, common variable, 3	CD19	gene	930.0	CD19	ENSG00000177455
310	186845	Immunodeficiency, common variable, 6	CD81	gene	975.0	CD81	ENSG00000110651
311	151350	Infantile liver failure syndrome 1	LARS	gene	51520.0	LARS1	ENSG00000133706
312	600276	Infantile myofibromatosis, Cerebral arteriopathy with subcortical infarcts and leukoencephalopathy 1, Lateral meningocele syndrome	NOTCH3	gene	4854.0	NOTCH3	ENSG00000074181
313	605025	Interstitial lung disease, nephrotic syndrome, and epidermolysis bullosa, congenital	ITGA3	gene	3675.0	ITGA3	ENSG00000005884
314	613534	Interstitial nephritis, karyomegalic	FAN1	gene	22909.0	FAN1	ENSG00000198690
315	605981	Johanson-Blizzard syndrome	UBR1	gene	197131.0	UBR1	ENSG00000159459
316	614459	Joubert syndrome 16	TMEM138	gene	51524.0	TMEM138	ENSG00000149483
317	613847	Joubert syndrome 18, Orofaciodigital syndrome 4	TCTN3	gene	26123.0	TCTN3	ENSG00000119977
318	613277	Joubert syndrome 2, Meckel syndrome	TMEM216	gene	51259.0	TMEM216	ENSG00000187049
319	616690	Joubert syndrome 25	CEP104	gene	9731.0	CEP104	ENSG00000116198
320	608894	Joubert Syndrome 3	AHI1	gene	54806.0	AHI1	ENSG00000135541
321	300170	Joubert syndrome type 10, Orofaciodigital syndrome I, Golabi-Behmel syndrome, type 2	OFD1	gene	8481.0	OFD1	ENSG00000046651
322	614423	Joubert syndrome type 14	TMEM237	gene	65062.0	TMEM237	ENSG00000155755
323	614949	Joubert syndrome type 20, meckel-gruber syndrome type 11	TMEM231	gene	79583.0	TMEM231	ENSG00000205084
324	612013	Joubert syndrome with hepatic defect, Joubert syndrome with oculorenal defect, Meckel Syndrome 6, Joubert syndrome 9, COACH syndrome	CC2D2A	gene	57545.0	CC2D2A	ENSG00000048342
325	613037	Joubert syndrome with hepatic defectJoubert Syndrome 1	INPP5E	gene	56623.0	INPP5E	ENSG00000148384
326	610142	Joubert syndrome with oculorenal defect, Bardet-biedl syndrome 14, Joubert Syndrome 5, Meckel syndrome 4, Senior-Loken Syndrome 6	CEP290	gene	80184.0	CEP290	ENSG00000198707
327	610523	Joubert's syndrome type 15	CEP41	gene	95681.0	CEP41	ENSG00000106477
328	602676	Joubert's syndrome type 22	PDE6D	gene	5147.0	PDE6D	ENSG00000156973
329	147556	Junctional epidermolysis bullosa-pyloric atresia syndrome, Epidermolysis bullosa, junctional, with pyloric stenosis	ITGA6	gene	3655.0	ITGA6	ENSG00000091409
330	300128	Kabuki syndrome	KDM6A	gene	7403.0	KDM6A	ENSG00000147050
331	179520	Kabuki syndrome	RAP1A	gene	5906.0	RAP1A	ENSG00000116473
332	179530	Kabuki syndrome	RAP1B	gene	5908.0	RAP1B	ENSG00000127314
333	602113	Kabuki syndrome 1	KMT2D	gene	8085.0	KMT2D	ENSG00000167548
334	607123	Kallmann syndrome 3, kal3 (hypogonadotropic hypogonadism 3 with or without anosmia)	PROKR2	gene	128674.0	PROKR2	ENSG00000101292
335	308000	Kelley-Seegmiller Syndrome Lesch-Nyhan Syndrome	HPRT1	gene	3251.0	HPRT1	ENSG00000165704
336	120328	Knobloch syndrome	COL18A1	gene	80781.0	COL18A1	ENSG00000182871
337	612452	Koolen-De Vries Syndrome	KANSL1	gene	284058.0	KANSL1	ENSG00000120071
338	602115	Lacrimoauriculodentodigital syndrome	FGF10	gene	2255.0	FGF10	ENSG00000070193
339	602286	Lathosterolosis	SC5D	gene	6309.0	SC5D	ENSG00000109929
340	603197	Laurence-Moon syndrome	PNPLA6	gene	10908.0	PNPLA6	ENSG00000032444
341	190151	Lethal congenital contracture syndrome 2	ERBB3	gene	2065.0	ERBB3	ENSG00000065361
342	600650	Lethal neonatal carnitine palmitoyltransferase 2 deficiency	CPT2	gene	1376.0	CPT2	ENSG00000157184
343	600760	Liddle syndrome	SCNN1B	gene	6338.0	SCNN1B	ENSG00000168447
344	300885	Linear skin defects with multiple congenital anomalies 2	COX7B	gene	1349.0	COX7B	ENSG00000131174
345	603100	Lipodystrophy congenital generalized, type 1	AGPAT2	gene	10555.0	AGPAT2	ENSG00000169692
346	606158	Lipodystrophy congenital generalized, type 2	BSCL2	gene	26580.0	BSCL2	ENSG00000168000
347	600617	Lipoid adrenal hyperplasia	STAR	gene	6770.0	STAR	ENSG00000147465
348	603109	Loeys-Dietz syndrome 3	SMAD3	gene	4088.0	SMAD3	ENSG00000166949
349	602402	Lymphedema-distichiasis syndrome with renal disease and diabetes mellitus	FOXC2	gene	2303.0	FOXC2	ENSG00000176692
350	136352	Lymphedema, hereditary, IA	FLT4	gene	2324.0	FLT4	ENSG00000037280
351	603593	Lysinuric protein intolerance	SLC7A7	gene	9056.0	SLC7A7	ENSG00000155465
352	610222	Macrocephaly, alopecia, cutis laxa, and scoliosis	RIN2	gene	54453.0	RIN2	ENSG00000132669
353	131243	Mandibulfacial dysostosis with alopecia	EDNRA	gene	1909.0	EDNRA	ENSG00000151617
354	613629	Marden-Walker Syndrome	PIEZO2	gene	63895.0	PIEZO2	ENSG00000154864
355	608455	McArdle Disease	PYGM	gene	5837.0	PYGM	ENSG00000068976
356	609883	Meckel syndrome 1, Bardet-Biedl syndrome 13	MKS1	gene	54903.0	MKS1	ENSG00000011143
357	611279	Meckel syndrome 12	KIF14	gene	9928.0	KIF14	ENSG00000118193
358	610937	Meckel syndrome 5, Joubert syndrome 7, COACH syndrome	RPGRIP1L	gene	23322.0	RPGRIP1L	ENSG00000103494
359	611951	Meckel syndrome type 10	B9D2	gene	80776.0	B9D2	ENSG00000123810
360	611654	Meckel syndrome, Joubert syndrome 21	CSPP1	gene	79848.0	CSPP1	ENSG00000104218
361	614144	Meckel syndrome, Meckel-Gruber syndrome type 9	B9D1	gene	27077.0	B9D1	ENSG00000108641
362	613846	Meckel-gruber syndrome type 8, Joubert syndrome 24	TCTN2	gene	79867.0	TCTN2	ENSG00000168778
363	158340	Medullary cystic kidney disease 1	MUC1	gene	4582.0	MUC1	ENSG00000185499
364	191845	Medullary cystic kidney disease 2 hyperuricemic nephropathy glomerulocystic kidney disease	UMOD	gene	7369.0	UMOD	ENSG00000169344
365	102545	Megacystis-microcolon-intestinal hypoperistalsis syndrome, Visceral myopathy	ACTG2	gene	72.0	ACTG2	ENSG00000163017
366	603157	Megalencephaly-polymicogyria-polydactyly-hyodrcephalus syndrome 1	PIK3R2	gene	5296.0	PIK3R2	ENSG00000105647
367	602997	Megaloblastic anemia 1-finnish type	CUBN	gene	8029.0	CUBN	ENSG00000107611
368	605799	Megaloblasticanemia1-norwegian_type	AMN	gene	81693.0	AMN	ENSG00000166126
369	139380	Mental retardation, autosomal dominant 42	GNB1	gene	2782.0	GNB1	ENSG00000078369
370	600898	Mental retardation, autosomal dominant, 27	SOX11	gene	6664.0	SOX11	ENSG00000176887
371	300189	Mental retardation, x-linked 90	DLG3	gene	1741.0	DLG3	ENSG00000082458
372	300524	Mental retardation, X-linked 98	NEXMIF	gene	340533.0	NEXMIF	ENSG00000050030
373	300072	Mental retardation, X-linked 99, syndromic, female-restricted	USP9X	gene	8239.0	USP9X	ENSG00000124486
374	176801	Metachromatic leukodystrophy due to SAP-b deficiency	PSAP	gene	5660.0	PSAP	ENSG00000197746
375	168468	Metaphyseal chondrodysplasia, Murk -ansen type	PTH1R	gene	5745.0	PTH1R	ENSG00000160801
376	603214	Methylmalonic aciduria and homocystinuria, cbl- type	ABCD4	gene	5826.0	ABCD4	ENSG00000119688
377	609831	Methylmalonic aciduria and homocystinuria, cblc type	MMACHC	gene	25974.0	MMACHC	ENSG00000132763
378	612625	Methylmalonic aciduria and homocystinuria, cblF type	LMBRD1	gene	55788.0	LMBRD1	ENSG00000168216
379	251170	Mevalonic aciduria	MVK	gene	4598.0	MVK	ENSG00000110921
380	602207	Micro syndrome	RAB18	gene	22931.0	RAB18	ENSG00000099246
381	602536	Micro syndrome	RAB3GAP1	gene	22930.0	RAB3GAP1	ENSG00000115839
382	609275	Micro syndrome	RAB3GAP2	gene	25782.0	RAB3GAP2	ENSG00000118873
383	611663	Micro syndrome	TBC1D20	gene	128637.0	TBC1D20	ENSG00000125875
384	601428	Microcephalic osteodysplastic primordial dwarfism, type I	RNU4ATAC	gene	100151683.0	RNU4ATAC	ENSG00000264229
385	613257	Microcephaly, short stature, and impaired glucose metabolism 2	PPP1R15B	gene	84919.0	PPP1R15B	ENSG00000158615
386	608488	Microphthalmia with limb anomalies	SMOC1	gene	64093.0	SMOC1	ENSG00000198732
387	300013	Microphthalmia, Lenz type, Microphthalmia, syndromic 1	NAA10	gene	8260.0	NAA10	ENSG00000102030
388	300485	Microphthalmia, Lenz type, Microphthalmia, syndromic 2	BCOR	gene	54880.0	BCOR	ENSG00000183337
389	112262	Microphthalmia, syndromic 6	BMP4	gene	652.0	BMP4	ENSG00000125378
390	610745	Microphthalmia, syndromic 9, mcops9	STRA6	gene	64220.0	STRA6	ENSG00000137868
391	610436	Microsephaly, short stature, and polymicogyria with or without seizures	RTTN	gene	25914.0	RTTN	ENSG00000176225
392	602125	Mitochondrial Complex  4 deficiency	COX10	gene	1352.0	COX10	ENSG00000006695
393	603647	Mitochondrial complex 3 deficiency, nuclear type 1	BCS1L	gene	617.0	BCS1L	ENSG00000074582
394	614461	Mitochondrial complex 3 deficiency, nuclear type 7	UQCC2	gene	84300.0	UQCC2	ENSG00000137288
395	616003	Mitochondrial Complex 4 deficiency	APOPT1	gene	84334.0	COA8	ENSG00000256053
396	614478	Mitochondrial Complex 4 deficiency	COX14	gene	84987.0	COX14	ENSG00000178449
397	614698	Mitochondrial Complex 4 deficiency	COX20	gene	116228.0	COX20	ENSG00000203667
398	124089	Mitochondrial Complex 4 deficiency	COX6B1	gene	1340.0	COX6B1	ENSG00000126267
399	123870	Mitochondrial Complex 4 deficiency	COX8A	gene	1351.0	COX8A	ENSG00000176340
400	612322	Mitochondrial Complex 4 deficiency	FASTKD2	gene	22868.0	FASTKD2	ENSG00000118246
401	614770	Mitochondrial Complex 4 deficiency	PET100	gene	100131801.0	PET100	ENSG00000229833
402	603644	Mitochondrial Complex 4 deficiency	SCO1	gene	6341.0	SCO1	ENSG00000133028
403	612958	Mitochondrial Complex 4 deficiency	TACO1	gene	51204.0	TACO1	ENSG00000136463
404	605654	Mitochondrial DNA depletion syndrome 13	FBXL4	gene	26235.0	FBXL4	ENSG00000112234
405	604712	Mitochondrial DNA depletion syndrome 8A	RRM2B	gene	50484.0	RRM2B	ENSG00000048392
406	603921	Mitochondrial dna depletion syndrome, encephalomyopathic form, with methylmalonic aciduria	SUCLA2	gene	8803.0	SUCLA2	ENSG00000136143
407	602860	Mosaic variegated aneuploidy syndrome 1	BUB1B	gene	701.0	BUB1B	ENSG00000156970
408	606416	Muckle-wells syndrome Familial cold-induced inflammatory syndrome 1	NLRP3	gene	114548.0	NLRP3	ENSG00000162711
409	120436	Muir-Torre syndrome	MLH1	gene	4292.0	MLH1	ENSG00000076242
410	600678	Muir-Torre syndrome	MSH6	gene	2956.0	MSH6	ENSG00000116062
411	609309	Muir-Torre syndrome colorectal cancer, hereditary, nonpolyposis, type 1	MSH2	gene	4436.0	MSH2	ENSG00000095002
412	608968	Multicentric carpo-tarsal osteolysis with or without nephropathy	MAFB	gene	9935.0	MAFB	ENSG00000204103
413	606097	Multiple congenital anomalies-hypotonia-seizures syndrome 1	PIGN	gene	23556.0	PIGN	ENSG00000197563
414	311770	Multiple Congenital anomalies-hypotonia-seizures syndrome 2	PIGA	gene	5277.0	PIGA	ENSG00000165195
415	610272	Multiple congenital anomalies-hypotonia-seizures syndrome 3	PIGT	gene	51604.0	PIGT	ENSG00000124155
416	600778	Multiple endocrine neoplasia, type 4	CDKN1B	gene	1027.0	CDKN1B	ENSG00000111276
417	102620	Multisystemic smooth muscle dysfunction syndrome	ACTA2	gene	59.0	ACTA2	ENSG00000107796
418	605517	Muscular dystrophy-dystroglycanopathy (congenital with brain and eye anomalies), type A, 13	B4GAT1	gene	11041.0	B4GAT1	ENSG00000174684
419	607423	Muscular dystrophy-dystroglycanopathy, type A, 1	POMT1	gene	10585.0	POMT1	ENSG00000130714
420	605518	Myoglobinuria, acute recurrent	LPIN1	gene	23175.0	LPIN1	ENSG00000134324
421	300415	Myotubular myopathy	MTM1	gene	4534.0	MTM1	ENSG00000171100
422	605593	Nager syndrome, Acrofacial dysostosis 1, Nager type	SF3B4	gene	10262.0	SF3B4	ENSG00000143368
423	602575	Nail-patella syndrome	LMX1B	gene	4010.0	LMX1B	ENSG00000136944
424	601199	Neonatal severe primary hyperparathyroidism, Hypocalcemia with Bartter syndrome	CASR	gene	846.0	CASR	ENSG00000036828
425	300538	Nephrogenic syndrome of inappropriate diuresis Diabetes insipidus, nephrogenic	AVPR2	gene	554.0	AVPR2	ENSG00000126895
426	604990	Nephrolithiasis,osteoporosis, hypophosphatemic, 2	SLC9A3R1	gene	9368.0	SLC9A3R1	ENSG00000109062
427	612014	Nephronophthisis 12	TTC21B	gene	79809.0	TTC21B	ENSG00000123607
428	615370	Nephronophthisis 16	ANKS6	gene	203286.0	ANKS6	ENSG00000165138
429	615847	Nephronophthisis 18	CEP83	gene	51134.0	CEP83	ENSG00000173588
430	605755	Nephronophthisis 19	DCDC2	gene	51473.0	DCDC2	ENSG00000146038
431	607215	Nephronophthisis 4 Senior-Loken syndrome 4	NPHP4	gene	261734.0	NPHP4	ENSG00000131697
432	608539	Nephronophthisis 7	GLIS2	gene	84662.0	GLIS2	ENSG00000126603
433	609799	Nephronophthisis 9 Renal-heaptic-pancreatic dysplasia 2	NEK8	gene	284086.0	NEK8	ENSG00000160602
434	604557	Nephronophthisis-14 Joubert syndrome 16	ZNF423	gene	23090.0	ZNF423	ENSG00000102935
435	613553	Nephronophthisis-like nephropathy 1	XPNPEP3	gene	63929.0	XPNPEP3	ENSG00000196236
436	609884	Nephronophtisis 11, Meckel Syndrome 3, Joubert syndrome 6, COACH syndrome	TMEM67	gene	91147.0	TMEM67	ENSG00000164953
437	608922	Nephronophtisis, Joubert syndrome 8	ARL13B	gene	200894.0	ARL13B	ENSG00000169379
438	608593	Nephropathy due to CFHR5 deficiency	CFHR5	gene	81494.0	CFHR5	ENSG00000134389
439	602243	Nephropathy with pretibial epidermolysis bullosa and deafness	CD151	gene	977.0	CD151	ENSG00000177697
440	614612	Nephrotic syndrome	KANK4	gene	163782.0	KANK4	ENSG00000132854
441	602334	Nephrotic syndrome type 10	EMP2	gene	2013.0	EMP2	ENSG00000213853
442	604766	Nephrotic syndrome type 2	NPHS2	gene	7827.0	NPHS2	ENSG00000116218
443	608414	Nephrotic syndrome type 3	PLCE1	gene	51196.0	PLCE1	ENSG00000138193
444	601440	Nephrotic syndrome type 7	DGKE	gene	8526.0	DGKE	ENSG00000153933
445	601925	Nephrotic syndrome type 8	ARHGDIA	gene	396.0	ARHGDIA	ENSG00000141522
446	607617	Nephrotic syndrome, type 11	NUP107	gene	57122.0	NUP107	ENSG00000111581
447	614351	Nephrotic Syndrome, Type 12	NUP93	gene	9688.0	NUP93	ENSG00000102900
448	614352	Nephrotic syndrome, type 13	NUP205	gene	23165.0	NUP205	ENSG00000155561
449	150325	Nephrotic syndrome, type 5, with or without ocular abnormalities Pierson Syndrome	LAMB2	gene	3913.0	LAMB2	ENSG00000172037
450	600579	Nephrotic syndrome, type 6	PTPRO	gene	5800.0	PTPRO	ENSG00000151490
451	615567	Nephrotic syndrome, type 9	COQ8B	gene	79934.0	COQ8B	ENSG00000123815
452	607704	Nephroticsyndrome	KANK1	gene	23189.0	KANK1	ENSG00000107104
453	606879	Neu-Laxova syndrome 1	PHGDH	gene	26227.0	PHGDH	ENSG00000092621
454	605226	Neurodevelopmental disorder with or without anomalies of the brain, eye, or heart	RERE	gene	473.0	RERE	ENSG00000142599
455	613113	Neurofibromatosis, type I	NF1	gene	4763.0	NF1	ENSG00000196712
456	602667	Nijmegen breakage syndrome	NBN	gene	4683.0	NBN	ENSG00000104320
457	164757	Noonan syndrome with multiple lentigines, Cardiofaciocutaneous syndrome	BRAF	gene	673.0	BRAF	ENSG00000157764
458	176876	Noonan syndrome with multiple lentiginesLeopard syndrome 1	PTPN11	gene	5781.0	PTPN11	ENSG00000179295
459	606967	Norum disease	LCAT	gene	3931.0	LCAT	ENSG00000213398
460	176830	Obesity, adrenal insufficiency, and red hair due to POMC deficiency	POMC	gene	5443.0	POMC	ENSG00000115138
461	300011	Occipital horn syndrome	ATP7A	gene	538.0	ATP7A	ENSG00000165240
462	613469	Ochoa syndrome, Urofacial syndrome 1	HPSE2	gene	60495.0	HPSE2	ENSG00000172987
463	608869	Ochoa syndrome, Urofacial Syndrome 2	LRIG2	gene	9860.0	LRIG2	ENSG00000198799
464	614140	Opitz GBBB syndrome, type 2	SPECC1L	gene	23384.0	SPECC1L	ENSG00000100014
465	600829	Opsismodysplasia	INPPL1	gene	3636.0	INPPL1	ENSG00000165458
466	601911	Orofacial cleft 15	DLX4	gene	1748.0	DLX4	ENSG00000108813
467	614571	Orofaciodigital syndrome 6	C5orf42	gene	65250.0	CPLANE1	ENSG00000197603
468	615464	Orofaciodigital syndrome V	DDX59	gene	83479.0	DDX59	ENSG00000118197
469	612758	Osteochondrodysplasia, complex lethal, Symoens-Barnes- Gistelinck type	TAPT1	gene	202018.0	TAPT1	ENSG00000169762
470	605497	Osteogenesis imperfecta, type 7	CRTAP	gene	10491.0	CRTAP	ENSG00000170275
471	600943	Osteogenesis imperfecta, type X	SERPINH1	gene	871.0	SERPINH1	ENSG00000149257
472	300647	Osteopathia striata with cranial sclerosis	AMER1	gene	139285.0	AMER1	ENSG00000184675
473	611492	Osteopetrosis with renal tubular acidosis	CA2	gene	760.0	CA2	ENSG00000104267
474	606687	Ovarioleukodystrophy, leukoencelpaly with vanishing white matter	EIF2B4	gene	8890.0	EIF2B4	ENSG00000115211
475	610568	Paget disease of bone 6	ZNF687	gene	57592.0	ZNF687	ENSG00000143373
476	165240	Pallister-Hall syndrome	GLI3	gene	2737.0	GLI3	ENSG00000106571
477	614610	Palmoplantar keratoderma and woolly hair	KANK2	gene	25959.0	KANK2	ENSG00000197256
478	601656	Pancreatic agenesis and congenital heart defects	GATA6	gene	2627.0	GATA6	ENSG00000141448
479	605646	Pendred syndrome	SLC26A4	gene	5172.0	SLC26A4	ENSG00000091137
480	614184	Perlman's syndrome (nephroblastomatosis, gigantism)	DIS3L2	gene	129563.0	DIS3L2	ENSG00000144535
481	610308	Peters-plus syndrome	B3GLCT	gene	145173.0	B3GLCT	ENSG00000187676
482	602216	Peutz-Jeghers syndrome	STK11	gene	6794.0	STK11	ENSG00000118046
483	176943	Pfeiffer syndrome type 3, Antley-Bixler syndrome, Apert syndrome, LADD syndrome	FGFR2	gene	2263.0	FGFR2	ENSG00000066468
484	602690	Pheochromocytoma Cowden syndrome 3	SDHD	gene	6392.0	SDHD	ENSG00000204370
485	311800	Phosphoglycerate kinase 1 deficiency	PGK1	gene	5230.0	PGK1	ENSG00000102144
486	311850	Phosphoribosylpyrophosphate Synthetase Syperactivity	PRPS1	gene	5631.0	PRPS1	ENSG00000147224
487	173350	Plasminogen deficiency, Type I	PLG	gene	5340.0	PLG	ENSG00000122194
488	601313	Polycystic kidney disease 1	PKD1	gene	5310.0	PKD1	ENSG00000008710
489	173910	Polycystic kidney disease 2	PKD2	gene	5311.0	PKD2	ENSG00000118762
490	608103	Polycystic liver disease 3 with or without kidney cysts	ALG8	gene	79053.0	ALG8	ENSG00000159063
491	608626	Polyhydramnios, megalencephaly, and symptomatic epilepsy	STRADA	gene	92335.0	STRADA	ENSG00000266173
492	607199	Popliteal pterygium syndrome 1	IRF6	gene	3664.0	IRF6	ENSG00000117595
493	605706	Popliteal pterygium syndrome, Bartsocas-Papas type	RIPK4	gene	54101.0	RIPK4	ENSG00000183421
494	613597	Primary hyperoxaluria type 3	HOGA1	gene	112817.0	HOGA1	ENSG00000241935
495	300382	Proud syndrome	ARX	gene	170302.0	ARX	ENSG00000004848
496	118494	Prune belly syndrome, Eagle-barrett syndrome	CHRM3	gene	1131.0	CHRM3	ENSG00000133019
497	600983	Pseudohypoaldosteronism Type I, autosomal dominant Hypertension, Early-Onset, Autosomal Dominant, With Exacerbation in Pregnancy	NR3C2	gene	4306.0	NR3C2	ENSG00000151623
498	600761	Pseudohypoaldosteronism, type 1, Liddle Syndrome	SCNN1G	gene	6340.0	SCNN1G	ENSG00000166828
499	601844	Pseudohypoaldosteronism, type 2b	WNK4	gene	65266.0	WNK4	ENSG00000126562
500	605232	Pseudohypoaldosteronism, type 2c	WNK1	gene	65125.0	WNK1	ENSG00000060237
501	605775	Pseudohypoaldosteronism, type 2d	KLHL3	gene	26249.0	KLHL3	ENSG00000146021
502	603136	Pseudohypoaldosteronism, type 2e	CUL3	gene	8452.0	CUL3	ENSG00000036257
503	600228	Pseudohypoaldosteronism, Type I	SCNN1A	gene	6337.0	SCNN1A	ENSG00000111319
504	139320	pseudohypoparathyroidism, type 1B	GNAS	gene	2778.0	GNAS	ENSG00000087460
505	610540	pseudohypoparathyroidism, type 1B	GNASGAS1	gene	149775.0	GNAS-AS1	ENSG00000235590
506	603666	Pseudohypoparathyroidism, type 1B	STX16	gene	8675.0	STX16	ENSG00000124222
507	603234	Pseudoxanthoma elasticum arterial calcification, generalized, of infancy, 2	ABCC6	gene	368.0	ABCC6	ENSG00000091262
508	608786	Pyruvate carboxylase deficiency	PC	gene	5091.0	PC	ENSG00000173599
509	147670	Rabson-Mendenhall syndrome	INSR	gene	3643.0	INSR	ENSG00000171105
510	611061	Raine syndrome	FAM20C	gene	56975.0	FAM20C	ENSG00000177706
511	164761	Renal agenesis, bilateral	RET	gene	5979.0	RET	ENSG00000165731
512	167409	Renal coloboma syndrome, FSGS 7, Papillorenal Syndrome, PAPRS	PAX2	gene	5076.0	PAX2	ENSG00000075891
513	189907	Renal Cysts and Diabetes Syndrome	HNF1B	gene	6928.0	HNF1B	ENSG00000275410
514	600281	Renal cysts and diabetes syndrome, Hyperinsulinism due to HNF4A deficiency, Fanconi renotubular syndrome 4, with maturity-onset diabetes of the young	HNF4A	gene	3172.0	HNF4A	ENSG00000101076
515	182381	Renal glucosuria	SLC5A2	gene	6524.0	SLC5A2	ENSG00000140675
516	604994	Renal hypodysplasia	SIX2	gene	10736.0	SIX2	ENSG00000170577
517	604063	Renal hypodysplasia-aplasia 1	ITGA8	gene	8516.0	ITGA8	ENSG00000077943
518	611559	Renal hypodysplasia, urogenital dysplasia	UPK3A	gene	7380.0	UPK3A	ENSG00000100373
519	605558	Renal hypodysplasiaaplasia 2	FGF20	gene	26281.0	FGF20	ENSG00000078579
520	192132	Renal tubular acidosis with deafness	ATP6V1B1	gene	525.0	ATP6V1B1	ENSG00000116039
521	605239	Renal tubular acidosis, distal	ATP6V0A4	gene	50617.0	ATP6V0A4	ENSG00000105929
522	109270	Renal tubular acidosis, distal	SLC4A1	gene/phenotype	6521.0	SLC4A1	ENSG00000004939
523	603345	Renal tubular acidosis, proximal, with ocular abnormalities and mental retardation	SLC4A4	gene	8671.0	SLC4A4	ENSG00000080493
524	106180	Renal tubular dysgenesis	ACE	gene/phenotype	1636.0	ACE	ENSG00000159640
525	106150	Renal tubular dysgenesis	AGT	gene/phenotype	183.0	AGT	ENSG00000135744
526	106165	Renal tubular dysgenesis	AGTR1	gene	185.0	AGTR1	ENSG00000144891
527	179820	Renal tubular dysgenesis hyperuricemic nephropathy, familial juvenile 2	REN	gene	5972.0	REN	ENSG00000143839
528	300463	Renpenning Syndrome 1	PQBP1	gene	10084.0	PQBP1	ENSG00000102103
529	606480	Restrictive Dermopathy, Lethal	ZMPSTE24	gene	10269.0	ZMPSTE24	ENSG00000084073
530	609353	Roberts syndrome	ESCO2	gene	157570.0	ESCO2	ENSG00000171320
531	602337	Robinow syndrome	ROR2	gene	4920.0	ROR2	ENSG00000169071
532	164975	Robinow syndrome, autosomal dominant 1	WNT5A	gene	7474.0	WNT5A	ENSG00000114251
533	600140	Rubinstein Taybi syndrome type 1	CREBBP	gene	1387.0	CREBBP	ENSG00000005339
534	613420	Scalp-Ear-Nipple Syndrome	KCTD1	gene	284252.0	KCTD1	ENSG00000134504
535	606622	Schimke immuno-osseous dysplasiaSchimke's immunoosseous dystrophy	SMARCAL1	gene	50485.0	SMARCAL1	ENSG00000138375
536	611060	Schinzel-Giedion Midface Retraction Syndrome	SETBP1	gene	26040.0	SETBP1	ENSG00000152217
537	142461	Schwartz-Jampel syndrome	HSPG2	gene	3339.0	HSPG2	ENSG00000142798
538	604124	Seckel Syndrome 2	RBBP8	gene	5932.0	RBBP8	ENSG00000101773
539	601810	Seckel syndrome 8	DNA2	gene	1763.0	DNA2	ENSG00000138346
540	605958	Seckel syndrome 9	TRAIP	gene	10293.0	TRAIP	ENSG00000183763
541	602208	Seizures, sensorineural deafness, ataxia, mental retardation, and electrolyte imbalance (sesame syndrome)	KCNJ10	gene	3766.0	KCNJ10	ENSG00000177807
542	613524	Senior loken syndrome type 7, Bardet-Biedl Syndrome 16	SDCCAG8	gene	10806.0	SDCCAG8	ENSG00000054282
543	609237	Senior-loken syndrome 5	IQCB1	gene	9657.0	IQCB1	ENSG00000173226
544	607380	Senior-Loken syndrome 9	TRAF3IP1	gene	26146.0	TRAF3IP1	ENSG00000204104
545	243305	Senior-Loken syndrome, Nephronophthisis 2, infantile	INVS	gene	27130.0	INVS	ENSG00000119509
546	608002	Senior-Loken syndrome, Nephronophthisis 3 (adolescent), Meckel syndrome 7, Renal-hepatic-pancreatic dysplasia	NPHP3	gene	27031.0	NPHP3	ENSG00000113971
547	614848	Senior-Loken syndrome, Nephronopthisis 15	CEP164	gene	22897.0	CEP164	ENSG00000110274
548	608151	Senior-Loken syndrome, Short-rib thoracic dysplasia 5, Nephronophthisis type 13, Cranioectodermal dysplasia	WDR19	gene	57728.0	WDR19	ENSG00000157796
549	603490	SERKAL syndrome Mullerian aplasia and hyperandrogenism	WNT4	gene	54361.0	WNT4	ENSG00000162552
550	604588	Short rib-polydactyly syndrome (Jeune's syndrome) type 6	NEK1	gene	4750.0	NEK1	ENSG00000137601
551	614620	Short rib-polydactyly syndrome (Jeune's syndrome) type 9	IFT140	gene	9742.0	IFT140	ENSG00000187535
552	611177	Short rib-polydactyly syndrome, Verma-Naumoff type	IFT80	gene	57560.0	IFT80	ENSG00000068885
553	603297	Short rib-polydactyly syndrome, Verma-Naumoff type, Short rib-polydactyly syndrome (Jeune's syndrome) type 3	DYNC2H1	gene	79659.0	DYNC2H1	ENSG00000187240
554	613602	Short rib-polydactyly syndrome, Verma-Naumoff type, Short rib-polydactyly syndrome (Jeune's syndrome) type 7, Cranioectodermal dysplasia type 2	WDR35	gene	57539.0	WDR35	ENSG00000118965
555	615462	Short rib-polydactyly syndrome, Verma-Naumoff type, Short rib-polydactyly syndrome (Jeune's syndrome) type 8	WDR60	gene	55112.0	WDR60	ENSG00000126870
556	613363	Short rib-polydactyly syndrome, Verma-Naumoff typeShort-rib thoracic dysplasia 11 with or without polydactyly	WDR34	gene	89891.0	WDR34	ENSG00000119333
557	194363	Short stature, microcephaly, and endocrine dysfunction	XRCC4	gene	7518.0	XRCC4	ENSG00000152422
558	613446	Short-rib thoracic dysplasia 13 with or without polydactyly	CEP120	gene	153241.0	CEP120	ENSG00000168944
559	607444	Shwachman-Diamond syndrome	SBDS	gene	51119.0	SBDS	ENSG00000126524
560	141900	Sickle Cell Anemia beta-thalassemia, dominant inclusion body type	HBB	gene	3043.0	HBB	ENSG00000244734
561	612907	Sideroblastic anemia with B-cell immunodeficiency, periodic fevers, and developmental delay	TRNT1	gene	51095.0	TRNT1	ENSG00000072756
562	300037	Simpson golabi behmel syndrome type 1	GPC3	gene	2719.0	GPC3	ENSG00000147257
563	600725	Single median maxillary central incisor holoprosencephaly 3	SHH	gene	6469.0	SHH	ENSG00000164690
564	602858	Smith-Lemli-Opitz Syndrome	DHCR7	gene	1717.0	DHCR7	ENSG00000172893
565	607642	Smith-Magenis syndrome Yuan-Harel-Lupski syndrome	RAI1	gene	10743.0	RAI1	ENSG00000108557
566	607575	Sneddon syndrome Polyarteritis nodosa, childhood-onset	CECR1	gene	51816.0	ADA2	ENSG00000093072
567	612034	Sotos syndrome	APC2	gene	10297.0	APC2	ENSG00000115266
568	606681	Sotos syndrome 1, Beckwith-Wiedemann syndrome, BWS	NSD1	gene	64324.0	NSD1	ENSG00000165671
569	607207	Spinocerebellar ataxia, autosomal recessive 16	STUB1	gene	10273.0	STUB1	ENSG00000103266
570	603381	Spondylocarpotarsal synostosis syndrome	FLNB	gene	2317.0	FLNB	ENSG00000136068
571	608125	Spondylocular syndrome	XYLT2	gene	64132.0	XYLT2	ENSG00000015532
572	171640	Spondyloenchondrodysplasia with immune dysregulation	ACP5	gene	54.0	ACP5	ENSG00000102575
573	300708	STAR (toe Syndactyly, Telecanthus, and Anogenital and Renal Malformations)	FAM58A	gene	92002.0	CCNQ	ENSG00000262919
574	600236	Stromme syndrome	CENPF	gene	1063.0	CENPF	ENSG00000117724
575	609845	Sucrase-isomaltase deficiency, congenital	SI	gene	6476.0	SI	ENSG00000090402
576	605789	Symmetric circumferential skin creases congenital, 2	MAPRE2	gene	10982.0	MAPRE2	ENSG00000166974
577	602244	Systemic Lupus Erythematosus 16	DNASE1L3	gene	1776.0	DNASE1L3	ENSG00000163687
578	300080	TARP syndrome	RBM10	gene	8241.0	RBM10	ENSG00000182872
579	165330	Tetraamelia-multiple malformations syndrome	WNT3	gene	7473.0	WNT3	ENSG00000108379
580	134934	Thanatophoric dysplasia type 1, Thanatophoric dysplasia type	FGFR3	gene	2261.0	FGFR3	ENSG00000068078
581	605313	Thrombocytopenia-absent radius syndrome	RBM8A	gene	9939.0	RBM8A	ENSG00000265241
582	604134	Thrombotic thrombocytopenic purpura, familial	ADAMTS13	gene	11093.0	ADAMTS13	ENSG00000160323
583	612418	TMEM70-related mitochondrial encephalo-cardio-myopathy	TMEM70	gene	54968.0	TMEM70	ENSG00000175606
584	602218	Townes-Brocks Branchiootorenal-like Syndrome	SALL1	gene	6299.0	SALL1	ENSG00000103449
585	614589	Trichohepatonenteric syndrome 1	TTC37	gene	9652.0	TTC37	ENSG00000198677
586	605284	Tuberous Sclerosis-1	TSC1	gene	7248.0	TSC1	ENSG00000165699
587	191092	Tuberous sclerosis-2	TSC2	gene	7249.0	TSC2	ENSG00000103197
588	604824	Tumoral calcinosis, hyperphosphatemic	KL	gene	9365.0	KL	ENSG00000133116
589	601756	Tumoral calcinosis, hyperphosphatemic, familial, hftc	GALNT3	gene	2591.0	GALNT3	ENSG00000115339
590	613871	tyrosinemia, type 1	FAH	gene	2184.0	FAH	ENSG00000103876
591	601570	Ulna and fibula, absense of, with severe limb deficiency	WNT7A	gene	7476.0	WNT7A	ENSG00000154764
592	142989	Vacterl association with hydrocephalus	HOXD13	gene	3239.0	HOXD13	ENSG00000128714
593	300265	VACTERL association, X-linked Heterotaxy, visceral, 1	ZIC3	gene	7547.0	ZIC3	ENSG00000156925
594	603057	Van Maldergem syndrome 1	DCHS1	gene	8642.0	DCHS1	ENSG00000166341
595	612411	Van Maldergem Syndrome 2 Hennekam lymphangiectasia- lymphedema syndrome 2	FAT4	gene	79633.0	FAT4	ENSG00000196159
596	604819	Verheij syndrome	PUF60	gene	22827.0	PUF60	ENSG00000179950
597	602431	Vesicoureteral reflux 2	ROBO2	gene	6092.0	ROBO2	ENSG00000185008
598	610928	Vesicoureteral Reflux 3	SOX17	gene	64321.0	SOX17	ENSG00000164736
599	600985	Vesicoureteral Reflux 8 Ehlers-Danlos syndrome due to tenascin-X deficiency	TNXB	gene	7148.0	TNXB	ENSG00000168477
600	615068	Vici syndrome	EPG5	gene	57724.0	EPG5	ENSG00000152223
601	609058	Vitamin B12-unresponsive methylmalonic acidemia type mut0	MUT	gene	4594.0	MMUT	ENSG00000146085
602	608537	Von Hippel-Lindau Syndrome	VHL	gene	7428.0	VHL	ENSG00000134086
603	606036	Webb-Dattani syndrome	ARNT2	gene	9915.0	ARNT2	ENSG00000172379
604	606882	Wilson Disease	ATP7B	gene	540.0	ATP7B	ENSG00000123191
605	300392	Wiskott-Aldrich syndrome	WAS	gene	7454.0	WAS	ENSG00000015285
606	604032	Wolcott-Rallison Syndrome	EIF2AK3	gene	9451.0	EIF2AK3	ENSG00000172071
607	611507	Wolfram syndrome 2	CISD2	gene	493856.0	CISD2	ENSG00000145354
608	606201	Wolfram syndrome type 1	WFS1	gene	7466.0	WFS1	ENSG00000109501
609	607633	Xanthinuria, type i	XDH	gene	7498.0	XDH	ENSG00000158125
610	602136	Zellweger syndrome	PEX1	gene	5189.0	PEX1	ENSG00000127980
611	602859	Zellweger syndrome	PEX10	gene	5192.0	PEX10	ENSG00000157911
612	603867	Zellweger syndrome	PEX11B	gene	8799.0	PEX11B	ENSG00000131779
613	601758	Zellweger syndrome	PEX12	gene	5193.0	PEX12	ENSG00000108733
614	601789	Zellweger syndrome	PEX13	gene	5194.0	PEX13	ENSG00000162928
615	601791	Zellweger syndrome	PEX14	gene	5195.0	PEX14	ENSG00000142655
616	603360	Zellweger syndrome	PEX16	gene	9409.0	PEX16	ENSG00000121680
617	600279	Zellweger syndrome	PEX19	gene	5824.0	PEX19	ENSG00000162735
618	170993	Zellweger syndrome	PEX2	gene	5828.0	PEX2	ENSG00000164751
619	608666	Zellweger syndrome	PEX26	gene	55670.0	PEX26	ENSG00000215193
620	603164	Zellweger syndrome	PEX3	gene	8504.0	PEX3	ENSG00000034693
621	600414	Zellweger syndrome	PEX5	gene	5830.0	PEX5	ENSG00000139197
622	601498	Zellweger syndrome	PEX6	gene	5190.0	PEX6	ENSG00000124587
623	610506	Zellweger syndrome 3	PAF1	gene	54623.0	PAF1	ENSG00000006712
624	603305	Zimmermann-Laband syndrome 1	KCNH1	gene	3756.0	KCNH1	ENSG00000143473
