MIM_number;Associated_disease;Gene name;MIM_entry_type;Entrez_id;Approved_Symbol;Ensembl_id;OMIM link
603234;Pseudoxanthoma elasticum arterial calcification, generalized, of infancy, 2;ABCC6;gene;368.0;ABCC6;ENSG00000091262;https://omim.org/entry/603234
603214;Methylmalonic aciduria and homocystinuria, cbl- type;ABCD4;gene;5826.0;ABCD4;ENSG00000119688;https://omim.org/entry/603214
106180;Renal tubular dysgenesis;ACE;gene/phenotype;1636.0;ACE;ENSG00000159640;https://omim.org/entry/106180
171640;Spondyloenchondrodysplasia with immune dysregulation;ACP5;gene;54.0;ACP5;ENSG00000102575;https://omim.org/entry/171640
102620;Multisystemic smooth muscle dysfunction syndrome;ACTA2;gene;59.0;ACTA2;ENSG00000107796;https://omim.org/entry/102620
102630;Baraitser-Winter syndrome 1;ACTB;gene;60.0;ACTB;ENSG00000075624;https://omim.org/entry/102630
102545;Megacystis-microcolon-intestinal hypoperistalsis syndrome, Visceral myopathy;ACTG2;gene;72.0;ACTG2;ENSG00000163017;https://omim.org/entry/102545
604638;Focal Segmental Glomerulosclerosis 1;ACTN4;gene;81.0;ACTN4;ENSG00000130402;https://omim.org/entry/604638
601284;Hereditary hemorrhagic telangiectasia;ACVRL1;gene;94.0;ACVRL1;ENSG00000139567;https://omim.org/entry/601284
604134;Thrombotic thrombocytopenic purpura, familial;ADAMTS13;gene;11093.0;ADAMTS13;ENSG00000160323;https://omim.org/entry/604134
604417;CHOPS syndrome;AFF4;gene;27125.0;AFF4;ENSG00000072364;https://omim.org/entry/604417
603100;Lipodystrophy congenital generalized, type 1;AGPAT2;gene;10555.0;AGPAT2;ENSG00000169692;https://omim.org/entry/603100
106150;Renal tubular dysgenesis;AGT;gene/phenotype;183.0;AGT;ENSG00000135744;https://omim.org/entry/106150
106165;Renal tubular dysgenesis;AGTR1;gene;185.0;AGTR1;ENSG00000144891;https://omim.org/entry/106165
604285;Hyperoxaluria, primary, type 1;AGXT;gene;189.0;AGXT;ENSG00000172482;https://omim.org/entry/604285
608894;Joubert Syndrome 3;AHI1;gene;54806.0;AHI1;ENSG00000135541;https://omim.org/entry/608894
608103;Polycystic liver disease 3 with or without kidney cysts;ALG8;gene;79053.0;ALG8;ENSG00000159063;https://omim.org/entry/608103
606941;Gillessen-Kaesbach-Nishimura sundrome (GIKANIS), Congenital disorder of glycosylation, type 2;ALG9;gene;79796.0;ALG9;ENSG00000086848;https://omim.org/entry/606941
606844;Alstrom syndrome;ALMS1;gene;7840.0;ALMS1;ENSG00000116127;https://omim.org/entry/606844
171760;Hypophosphatasia, infantile;ALPL;gene;249.0;ALPL;ENSG00000162551;https://omim.org/entry/171760
300647;Osteopathia striata with cranial sclerosis;AMER1;gene;139285.0;AMER1;ENSG00000184675;https://omim.org/entry/300647
605799;Megaloblasticanemia1-norwegian_type;AMN;gene;81693.0;AMN;ENSG00000166126;https://omim.org/entry/605799
615370;Nephronophthisis 16;ANKS6;gene;203286.0;ANKS6;ENSG00000165138;https://omim.org/entry/615370
616027;Focal Segmental Glomerulosclerosis 8;ANLN;gene;54443.0;ANLN;ENSG00000011426;https://omim.org/entry/616027
300836;Hypogonadotropic hypogonadism 1 with or without anosmia (Kallmann syndrome 1);ANOS1;gene;3730.0;ANOS1;ENSG00000011201;https://omim.org/entry/300836
602242;Hypocalciuric hypercalcemia, familial type 3;AP2S1;gene;1175.0;AP2S1;ENSG00000042753;https://omim.org/entry/602242
612034;Sotos syndrome;APC2;gene;10297.0;APC2;ENSG00000115266;https://omim.org/entry/612034
107680;Amyloidosis, familial visceral, 3 or more types;APOA1;gene;335.0;APOA1;ENSG00000118137;https://omim.org/entry/107680
616003;Mitochondrial Complex 4 deficiency;APOPT1;gene;84334.0;COA8;ENSG00000256053;https://omim.org/entry/616003
102600;Adenine phosphoribosyltransferase deficiency;APRT;gene;353.0;APRT;ENSG00000198931;https://omim.org/entry/102600
107777;Diabetes insipidus, nephrogenic;AQP2;gene;359.0;AQP2;ENSG00000167580;https://omim.org/entry/107777
601925;Nephrotic syndrome type 8;ARHGDIA;gene;396.0;ARHGDIA;ENSG00000141522;https://omim.org/entry/601925
603024;Coffin-Siris syndrome;ARID1A;gene;8289.0;ARID1A;ENSG00000117713;https://omim.org/entry/603024
614556;Coffin-Siris syndrome;ARID1B;gene;57492.0;ARID1B;ENSG00000049618;https://omim.org/entry/614556
608922;Nephronophtisis, Joubert syndrome 8;ARL13B;gene;200894.0;ARL13B;ENSG00000169379;https://omim.org/entry/608922
608845;Bardet-biedl syndrome 3;ARL6;gene;84100.0;ARL6;ENSG00000113966;https://omim.org/entry/608845
615549;Cushing syndrome due to macronodular adrenal hyperplasia;ARMC5;gene;79798.0;ARMC5;ENSG00000140691;https://omim.org/entry/615549
606036;Webb-Dattani syndrome;ARNT2;gene;9915.0;ARNT2;ENSG00000172379;https://omim.org/entry/606036
300382;Proud syndrome;ARX;gene;170302.0;ARX;ENSG00000004848;https://omim.org/entry/300382
612990;Bohring-Opitz syndrome;ASXL1;gene;171023.0;ASXL1;ENSG00000171456;https://omim.org/entry/612990
605239;Renal tubular acidosis, distal;ATP6V0A4;gene;50617.0;ATP6V0A4;ENSG00000105929;https://omim.org/entry/605239
192132;Renal tubular acidosis with deafness;ATP6V1B1;gene;525.0;ATP6V1B1;ENSG00000116039;https://omim.org/entry/192132
300011;Occipital horn syndrome;ATP7A;gene;538.0;ATP7A;ENSG00000165240;https://omim.org/entry/300011
606882;Wilson Disease;ATP7B;gene;540.0;ATP7B;ENSG00000123191;https://omim.org/entry/606882
600529;3-methylglutaconic aciduria, type I;AUH;gene;549.0;AUH;ENSG00000148090;https://omim.org/entry/600529
192340;Diabetes insipidus, neurohypophyseal;AVP;gene;551.0;AVP;ENSG00000101200;https://omim.org/entry/192340
300538;Nephrogenic syndrome of inappropriate diuresis Diabetes insipidus, nephrogenic;AVPR2;gene;554.0;AVPR2;ENSG00000126895;https://omim.org/entry/300538
109700;Amyloidosis, familial visceral;B2M;gene;567.0;B2M;ENSG00000166710;https://omim.org/entry/109700
610308;Peters-plus syndrome;B3GLCT;gene;145173.0;B3GLCT;ENSG00000187676;https://omim.org/entry/610308
605517;Muscular dystrophy-dystroglycanopathy (congenital with brain and eye anomalies), type A, 13;B4GAT1;gene;11041.0;B4GAT1;ENSG00000174684;https://omim.org/entry/605517
614144;Meckel syndrome, Meckel-Gruber syndrome type 9;B9D1;gene;27077.0;B9D1;ENSG00000108641;https://omim.org/entry/614144
611951;Meckel syndrome type 10;B9D2;gene;80776.0;B9D2;ENSG00000123810;https://omim.org/entry/611951
613605;Bardet-Biedl syndrome 18;BBIP1;gene;92482.0;BBIP1;ENSG00000214413;https://omim.org/entry/613605
209901;Bardet-Biedl syndrome 1;BBS1;gene;582.0;BBS1;ENSG00000174483;https://omim.org/entry/209901
610148;Bardet-Biedl syndrome 10;BBS10;gene;79738.0;BBS10;ENSG00000179941;https://omim.org/entry/610148
610683;Bardet-Biedl syndrome 12;BBS12;gene;166379.0;BBS12;ENSG00000181004;https://omim.org/entry/610683
606151;Bardet-Biedl syndrome 2;BBS2;gene;583.0;BBS2;ENSG00000125124;https://omim.org/entry/606151
600374;Bardet-Biedl Syndrome 4;BBS4;gene;585.0;BBS4;ENSG00000140463;https://omim.org/entry/600374
603650;Bardet-Biedl Syndrome 5;BBS5;gene;129880.0;BBS5;ENSG00000163093;https://omim.org/entry/603650
607590;Bardet-Biedl syndrome 7;BBS7;gene;55212.0;BBS7;ENSG00000138686;https://omim.org/entry/607590
607968;Bardet-Biedl syndrome 9;BBS9;gene;27241.0;BBS9;ENSG00000122507;https://omim.org/entry/607968
300485;Microphthalmia, Lenz type, Microphthalmia, syndromic 2;BCOR;gene;54880.0;BCOR;ENSG00000183337;https://omim.org/entry/300485
603647;Mitochondrial complex 3 deficiency, nuclear type 1;BCS1L;gene;617.0;BCS1L;ENSG00000074582;https://omim.org/entry/603647
112262;Microphthalmia, syndromic 6;BMP4;gene;652.0;BMP4;ENSG00000125378;https://omim.org/entry/112262
608699;Diaphanospondylodysostosis;BMPER;gene;168667.0;BMPER;ENSG00000164619;https://omim.org/entry/608699
164757;Noonan syndrome with multiple lentigines, Cardiofaciocutaneous syndrome;BRAF;gene;673.0;BRAF;ENSG00000157764;https://omim.org/entry/164757
605882;Fanconi anemia;BRIP1;gene;83990.0;BRIP1;ENSG00000136492;https://omim.org/entry/605882
606158;Lipodystrophy congenital generalized, type 2;BSCL2;gene;26580.0;BSCL2;ENSG00000168000;https://omim.org/entry/606158
606412;Bartter Syndrome, Type 4a, neonatal;BSND;gene;7809.0;BSND;ENSG00000162399;https://omim.org/entry/606412
602860;Mosaic variegated aneuploidy syndrome 1;BUB1B;gene;701.0;BUB1B;ENSG00000156970;https://omim.org/entry/602860
120550;C1q Deficiency;C1QA;gene;712.0;C1QA;ENSG00000173372;https://omim.org/entry/120550
120570;C1q Deficiency;C1QB;gene;713.0;C1QB;ENSG00000173369;https://omim.org/entry/120570
120575;C1q Deficiency;C1QC;gene;714.0;C1QC;ENSG00000159189;https://omim.org/entry/120575
613927;C2 Deficiency;C2;gene;717.0;C2;ENSG00000166278;https://omim.org/entry/613927
120700;Complement component 3 deficiency;C3;gene;718.0;C3;ENSG00000125730;https://omim.org/entry/120700
120810;Complement component 4A deficiency;C4A;gene;720.0;C4A;ENSG00000244731;https://omim.org/entry/120810
614571;Orofaciodigital syndrome 6;C5orf42;gene;65250.0;CPLANE1;ENSG00000197603;https://omim.org/entry/614571
611492;Osteopetrosis with renal tubular acidosis;CA2;gene;760.0;CA2;ENSG00000104267;https://omim.org/entry/611492
114208;Hypokalemic periodic paralysis, hokpp;CACNA1S;gene;779.0;CACNA1S;ENSG00000081248;https://omim.org/entry/114208
114010;Congenital disorder of glycosylation, type Iz;CAD;gene;790.0;CAD;ENSG00000084774;https://omim.org/entry/114010
601762;Autoimmune Lymhoproliferative syndrome type 2A;CASP10;gene;843.0;CASP10;ENSG00000003400;https://omim.org/entry/601762
601199;Neonatal severe primary hyperparathyroidism, Hypocalcemia with Bartter syndrome;CASR;gene;846.0;CASR;ENSG00000036828;https://omim.org/entry/601199
612013;Joubert syndrome with hepatic defect, Joubert syndrome with oculorenal defect, Meckel Syndrome 6, Joubert syndrome 9, COACH syndrome;CC2D2A;gene;57545.0;CC2D2A;ENSG00000048342;https://omim.org/entry/612013
612753;Hennekam Lymphangiectasia-Lymphedema Syndrome;CCBE1;gene;147372.0;CCBE1;ENSG00000183287;https://omim.org/entry/612753
300859;3C syndrome;CCDC22;gene;28952.0;CCDC22;ENSG00000101997;https://omim.org/entry/300859
602243;Nephropathy with pretibial epidermolysis bullosa and deafness;CD151;gene;977.0;CD151;ENSG00000177697;https://omim.org/entry/602243
107265;Immunodeficiency, common variable, 3;CD19;gene;930.0;CD19;ENSG00000177455;https://omim.org/entry/107265
186845;Immunodeficiency, common variable, 6;CD81;gene;975.0;CD81;ENSG00000110651;https://omim.org/entry/186845
606037;C syndrome;CD96;gene;10225.0;CD96;ENSG00000153283;https://omim.org/entry/606037
602868;Congenital Anomalies of the Kidney and the Urinary Tract;CDC5L;gene;988.0;CDC5L;ENSG00000096401;https://omim.org/entry/602868
607393;Hyperparathyroidism 2;CDC73;gene;79577.0;CDC73;ENSG00000134371;https://omim.org/entry/607393
600778;Multiple endocrine neoplasia, type 4;CDKN1B;gene;1027.0;CDKN1B;ENSG00000111276;https://omim.org/entry/600778
600856;Beckwith-wiedemann syndrome, IMAGE syndrome;CDKN1C;gene;1028.0;CDKN1C;ENSG00000129757;https://omim.org/entry/600856
607575;Sneddon syndrome Polyarteritis nodosa, childhood-onset;CECR1;gene;51816.0;ADA2;ENSG00000093072;https://omim.org/entry/607575
600236;Stromme syndrome;CENPF;gene;1063.0;CENPF;ENSG00000117724;https://omim.org/entry/600236
616690;Joubert syndrome 25;CEP104;gene;9731.0;CEP104;ENSG00000116198;https://omim.org/entry/616690
613446;Short-rib thoracic dysplasia 13 with or without polydactyly;CEP120;gene;153241.0;CEP120;ENSG00000168944;https://omim.org/entry/613446
614848;Senior-Loken syndrome, Nephronopthisis 15;CEP164;gene;22897.0;CEP164;ENSG00000110274;https://omim.org/entry/614848
610142;"Joubert syndrome with oculorenal defect, Bardet-biedl syndrome 14, Joubert Syndrome 5, Meckel syndrome 4,
Senior-Loken Syndrome 6";CEP290;gene;80184.0;CEP290;ENSG00000198707;https://omim.org/entry/610142
610523;Joubert\'s syndrome type 15;CEP41;gene;95681.0;CEP41;ENSG00000106477;https://omim.org/entry/610523
615847;Nephronophthisis 18;CEP83;gene;51134.0;CEP83;ENSG00000173588;https://omim.org/entry/615847
134370;Complement factor h deficiency;CFH;gene;3075.0;CFH;ENSG00000000971;https://omim.org/entry/134370
608593;Nephropathy due to CFHR5 deficiency;CFHR5;gene;81494.0;CFHR5;ENSG00000134389;https://omim.org/entry/608593
217030;Complement factor I deficiency;CFI;gene;3426.0;CFI;ENSG00000205403;https://omim.org/entry/217030
608892;CHARGE syndrome;CHD7;gene;55636.0;CHD7;ENSG00000171316;https://omim.org/entry/608892
118494;Prune belly syndrome, Eagle-barrett syndrome;CHRM3;gene;1131.0;CHRM3;ENSG00000133019;https://omim.org/entry/118494
608429;Ehlers-Danlos syndrome, musculocontractural type 1;CHST14;gene;113189.0;CHST14;ENSG00000169105;https://omim.org/entry/608429
611507;Wolfram syndrome 2;CISD2;gene;493856.0;CISD2;ENSG00000145354;https://omim.org/entry/611507
300008;Dent disease nephrolithiasis type 1 hypophosphatemic Rickets;CLCN5;gene;1184.0;CLCN5;ENSG00000171365;https://omim.org/entry/300008
602024;Bartter\'s Syndrome Type 4b, Neonatal;CLCNKA;gene;1187.0;CLCNKA;ENSG00000186510;https://omim.org/entry/602024
602023;Bartter syndrome, type 3 and type 4b;CLCNKB;gene;1188.0;CLCNKB;ENSG00000184908;https://omim.org/entry/602023
603959;Hypomagnesemia 3, renal;CLDN16;gene;10686.0;CLDN16;ENSG00000113946;https://omim.org/entry/603959
610036;"Familial primary hypomagnesemia with hypercalciuria and
nephrocalcinosis with severe ocular involvement, Hypomagnesemia 5, renal, with ocular involvement";CLDN19;gene;149461.0;CLDN19;ENSG00000164007;https://omim.org/entry/610036
607803;Hypomagnesemia type 6 Hypomagnesemia, seizures, and mental retardation;CNNM2;gene;54805.0;CNNM2;ENSG00000148842;https://omim.org/entry/607803
120328;Knobloch syndrome;COL18A1;gene;80781.0;COL18A1;ENSG00000182871;https://omim.org/entry/120328
120130;Hereditary angiopathy with nephropathy, aneurysms and Msucle cramps (HANAC);COL4A1;gene;1282.0;COL4A1;ENSG00000187498;https://omim.org/entry/120130
120070;Alport syndrome;COL4A3;gene;1285.0;COL4A3;ENSG00000169031;https://omim.org/entry/120070
120131;Alport syndrome, nephrotic syndrome (FSGS 1);COL4A4;gene;1286.0;COL4A4;ENSG00000081052;https://omim.org/entry/120131
303630;Alport syndrome;COL4A5;gene;1287.0;COL4A5;ENSG00000188153;https://omim.org/entry/303630
120215;Ehlers-Danlos syndrome, classic type;COL5A1;gene;1289.0;COL5A1;ENSG00000130635;https://omim.org/entry/120215
601924;Autoimmune interstitial lung, joint, and kidney disease;COPA;gene;1314.0;COPA;ENSG00000122218;https://omim.org/entry/601924
609825;Coenzyme q10 deficiency;COQ2;gene;27235.0;COQ2;ENSG00000173085;https://omim.org/entry/609825
614647;Coenzyme Q10 deficiency, primary, 6;COQ6;gene;51004.0;COQ6;ENSG00000119723;https://omim.org/entry/614647
601683;Coenzyme Q10 deficiency, primary, 8;COQ7;gene;10229.0;COQ7;ENSG00000167186;https://omim.org/entry/601683
615567;Nephrotic syndrome, type 9;COQ8B;gene;79934.0;COQ8B;ENSG00000123815;https://omim.org/entry/615567
612837;Coenzyme Q10 deficiency, primary, 5;COQ9;gene;57017.0;COQ9;ENSG00000088682;https://omim.org/entry/612837
602125;Mitochondrial Complex  4 deficiency;COX10;gene;1352.0;COX10;ENSG00000006695;https://omim.org/entry/602125
614478;Mitochondrial Complex 4 deficiency;COX14;gene;84987.0;COX14;ENSG00000178449;https://omim.org/entry/614478
614698;Mitochondrial Complex 4 deficiency;COX20;gene;116228.0;COX20;ENSG00000203667;https://omim.org/entry/614698
124089;Mitochondrial Complex 4 deficiency;COX6B1;gene;1340.0;COX6B1;ENSG00000126267;https://omim.org/entry/124089
300885;Linear skin defects with multiple congenital anomalies 2;COX7B;gene;1349.0;COX7B;ENSG00000131174;https://omim.org/entry/300885
123870;Mitochondrial Complex 4 deficiency;COX8A;gene;1351.0;COX8A;ENSG00000176340;https://omim.org/entry/123870
600528;Carnitine palmitoyl transferase 1A deficiency;CPT1A;gene;1374.0;CPT1A;ENSG00000110090;https://omim.org/entry/600528
600650;Lethal neonatal carnitine palmitoyltransferase 2 deficiency;CPT2;gene;1376.0;CPT2;ENSG00000157184;https://omim.org/entry/600650
609720;FSGS 9 Ventriculomegaly with cystic kidney disease;CRB2;gene;286204.0;CRB2;ENSG00000148204;https://omim.org/entry/609720
600140;Rubinstein Taybi syndrome type 1;CREBBP;gene;1387.0;CREBBP;ENSG00000005339;https://omim.org/entry/600140
605497;Osteogenesis imperfecta, type 7;CRTAP;gene;10491.0;CRTAP;ENSG00000170275;https://omim.org/entry/605497
611654;Meckel syndrome, Joubert syndrome 21;CSPP1;gene;79848.0;CSPP1;ENSG00000104218;https://omim.org/entry/611654
613129;Dyskeratosis congenita;CTC1;gene;80169.0;CTC1;ENSG00000178971;https://omim.org/entry/613129
606272;Cystinosis, nephropathic cystinosis, late-onset juvenile or adolescent nephropathic;CTNS;gene;1497.0;CTNS;ENSG00000040531;https://omim.org/entry/606272
602997;Megaloblastic anemia 1-finnish type;CUBN;gene;8029.0;CUBN;ENSG00000107611;https://omim.org/entry/602997
603136;Pseudohypoaldosteronism, type 2e;CUL3;gene;8452.0;CUL3;ENSG00000036257;https://omim.org/entry/603136
118485;46,XY disorder of sex development-adrenal insufficiency due to CYP11A1 deficiency syndrome, Inherited isolated adrenal insufficiency due to CYP11A1 deficiency;CYP11A1;gene;1583.0;CYP11A1;ENSG00000140459;https://omim.org/entry/118485
610613;Congenital adrenal hyperplasia due to 11-beta-hydroxylase deficiency;CYP11B1;gene;1584.0;CYP11B1;ENSG00000160882;https://omim.org/entry/610613
609300;17-alpha-hydroxylase17,20-lyasedeficiency;CYP17A1;gene;1586.0;CYP17A1;ENSG00000148795;https://omim.org/entry/609300
613815;Adrenal hyperplasia, congenital, due to 21-hydroxylase deficiency, Hyperandrogenism, nonclassic type, due to 21- hydroxylase deficiency;CYP21A2;gene;1589.0;CYP21A2;ENSG00000231852;https://omim.org/entry/613815
126065;Hypercalcemia infantile, 1;CYP24A1;gene;1591.0;CYP24A1;ENSG00000019186;https://omim.org/entry/126065
605755;Nephronophthisis 19;DCDC2;gene;51473.0;DCDC2;ENSG00000146038;https://omim.org/entry/605755
603057;Van Maldergem syndrome 1;DCHS1;gene;8642.0;DCHS1;ENSG00000166341;https://omim.org/entry/603057
615464;Orofaciodigital syndrome V;DDX59;gene;83479.0;DDX59;ENSG00000118197;https://omim.org/entry/615464
601440;Nephrotic syndrome type 7;DGKE;gene;8526.0;DGKE;ENSG00000153933;https://omim.org/entry/601440
602858;Smith-Lemli-Opitz Syndrome;DHCR7;gene;1717.0;DHCR7;ENSG00000172893;https://omim.org/entry/602858
614184;Perlman\'s syndrome (nephroblastomatosis, gigantism);DIS3L2;gene;129563.0;DIS3L2;ENSG00000144535;https://omim.org/entry/614184
300126;Dyskeratosis Congenita, X-linked;DKC1;gene;1736.0;DKC1;ENSG00000130826;https://omim.org/entry/300126
300189;Mental retardation, x-linked 90;DLG3;gene;1741.0;DLG3;ENSG00000082458;https://omim.org/entry/300189
602768;Autosomal recessive spondylocostal dysostosis;DLL3;gene;10683.0;DLL3;ENSG00000090932;https://omim.org/entry/602768
605185;Adams-Oliver syndrome 6;DLL4;gene;54567.0;DLL4;ENSG00000128917;https://omim.org/entry/605185
601911;Orofacial cleft 15;DLX4;gene;1748.0;DLX4;ENSG00000108813;https://omim.org/entry/601911
600980;Hypophosphataemic rickets;DMP1;gene;1758.0;DMP1;ENSG00000152592;https://omim.org/entry/600980
601810;Seckel syndrome 8;DNA2;gene;1763.0;DNA2;ENSG00000138346;https://omim.org/entry/601810
613190;Ciliary dyskinesia, primary, 13;DNAAF1;gene;123872.0;DNAAF1;ENSG00000154099;https://omim.org/entry/613190
602244;Systemic Lupus Erythematosus 16;DNASE1L3;gene;1776.0;DNASE1L3;ENSG00000163687;https://omim.org/entry/602244
602900;Immunodeficiency-centromeric instability, facial anomalies syndrome 1, icf1;DNMT3B;gene;1789.0;DNMT3B;ENSG00000088305;https://omim.org/entry/602900
603527;Developmental delay with short stature, dysmorphic features, and sparse hair;DPH1;gene;1801.0;DPH1;ENSG00000108963;https://omim.org/entry/603527
612666;Congenital Anomalies of the Kidney and the Urinary Tract;DSTYK;gene;25778.0;DSTYK;ENSG00000133059;https://omim.org/entry/612666
603297;Short rib-polydactyly syndrome, Verma-Naumoff type, Short rib-polydactyly syndrome (Jeune\'s syndrome) type 3;DYNC2H1;gene;79659.0;DYNC2H1;ENSG00000187240;https://omim.org/entry/603297
300205;Chondrodysplasia punctata;EBP;gene;10682.0;EBP;ENSG00000147155;https://omim.org/entry/300205
131243;Mandibulfacial dysostosis with alopecia;EDNRA;gene;1909.0;EDNRA;ENSG00000151617;https://omim.org/entry/131243
604633;Cutis laxa type 1;EFEMP2;gene;30008.0;EFEMP2;ENSG00000172638;https://omim.org/entry/604633
131530;Hypomagnesemia 4, renal;EGF;gene;1950.0;EGF;ENSG00000138798;https://omim.org/entry/131530
607037;Fanconi renotubular syndrome 3;EHHADH;gene;1962.0;EHHADH;ENSG00000113790;https://omim.org/entry/607037
604032;Wolcott-Rallison Syndrome;EIF2AK3;gene;9451.0;EIF2AK3;ENSG00000172071;https://omim.org/entry/604032
606687;Ovarioleukodystrophy, leukoencelpaly with vanishing white matter;EIF2B4;gene;8890.0;EIF2B4;ENSG00000115211;https://omim.org/entry/606687
602334;Nephrotic syndrome type 10;EMP2;gene;2013.0;EMP2;ENSG00000213853;https://omim.org/entry/602334
131195;Hereditary hemorrhagic telangiectasia;ENG;gene;2022.0;ENG;ENSG00000106991;https://omim.org/entry/131195
173335;Hypophosphataemicrickets;ENPP1;gene;5167.0;ENPP1;ENSG00000197594;https://omim.org/entry/173335
615068;Vici syndrome;EPG5;gene;57724.0;EPG5;ENSG00000152223;https://omim.org/entry/615068
190151;Lethal congenital contracture syndrome 2;ERBB3;gene;2065.0;ERBB3;ENSG00000065361;https://omim.org/entry/190151
133520;Fanconi anemia, Xeroderma pigmentosum, type f, Cockayne syndrome;ERCC4;gene;2072.0;ERCC4;ENSG00000175595;https://omim.org/entry/133520
609413;Cockayne syndrome, type B;ERCC6;gene;2074.0;ERCC6;ENSG00000225830;https://omim.org/entry/609413
609412;Cockayne Syndrome, Type A;ERCC8;gene;1161.0;ERCC8;ENSG00000049167;https://omim.org/entry/609412
609353;Roberts syndrome;ESCO2;gene;157570.0;ESCO2;ENSG00000171320;https://omim.org/entry/609353
608053;Glutaric aciduria 2a;ETFA;gene;2108.0;ETFA;ENSG00000140374;https://omim.org/entry/608053
130410;Glutaric acidemia 2b;ETFB;gene;2109.0;ETFB;ENSG00000105379;https://omim.org/entry/130410
231675;Glutaric acidemia 2c;ETFDH;gene;2110.0;ETFDH;ENSG00000171503;https://omim.org/entry/231675
604831;Ellis Van Creveld syndrome;EVC;gene;2121.0;EVC;ENSG00000072840;https://omim.org/entry/604831
607261;Ellis Van Creveld syndrome;EVC2;gene;132884.0;EVC2;ENSG00000173040;https://omim.org/entry/607261
601653;Branchio-oto-renal syndrome 1;EYA1;gene;2138.0;EYA1;ENSG00000104313;https://omim.org/entry/601653
613871;tyrosinemia, type 1;FAH;gene;2184.0;FAH;ENSG00000103876;https://omim.org/entry/613871
611062;Amelogenesis imperfecta-nephrocalcinosis syndrome, Amelogenesis imperfecta type IG (enamel-renal syndrome);FAM20A;gene;54757.0;FAM20A;ENSG00000108950;https://omim.org/entry/611062
611061;Raine syndrome;FAM20C;gene;56975.0;FAM20C;ENSG00000177706;https://omim.org/entry/611061
300708;STAR (toe Syndactyly, Telecanthus, and Anogenital and Renal Malformations);FAM58A;gene;92002.0;CCNQ;ENSG00000262919;https://omim.org/entry/300708
613534;Interstitial nephritis, karyomegalic;FAN1;gene;22909.0;FAN1;ENSG00000198690;https://omim.org/entry/613534
607139;Fanconi anemia, complementation group a;FANCA;gene;2175.0;FANCA;ENSG00000187741;https://omim.org/entry/607139
300515;Fanconi anemia, complementation group b;FANCB;gene;2187.0;FANCB;ENSG00000181544;https://omim.org/entry/300515
613899;Fanconi anemia, complementation group c;FANCC;gene;2176.0;FANCC;ENSG00000158169;https://omim.org/entry/613899
613984;Fanconi anemia, Complementation group d2;FANCD2;gene;2177.0;FANCD2;ENSG00000144554;https://omim.org/entry/613984
613976;Fanconi anemia, complementation group e;FANCE;gene;2178.0;FANCE;ENSG00000112039;https://omim.org/entry/613976
613897;Fanconi anemia;FANCF;gene;2188.0;FANCF;ENSG00000183161;https://omim.org/entry/613897
602956;Fanconi anemia;FANCG;gene;2189.0;FANCG;ENSG00000221829;https://omim.org/entry/602956
611360;Fanconi anemia, complementation group I;FANCI;gene;55215.0;FANCI;ENSG00000140525;https://omim.org/entry/611360
608111;Fanconi anemia, complementation group L;FANCL;gene;55120.0;FANCL;ENSG00000115392;https://omim.org/entry/608111
609644;Fanconi anemia;FANCM;gene;57697.0;FANCM;ENSG00000187790;https://omim.org/entry/609644
612322;Mitochondrial Complex 4 deficiency;FASTKD2;gene;22868.0;FASTKD2;ENSG00000118246;https://omim.org/entry/612322
612411;Van Maldergem Syndrome 2 Hennekam lymphangiectasia- lymphedema syndrome 2;FAT4;gene;79633.0;FAT4;ENSG00000196159;https://omim.org/entry/612411
604580;Cutis laxa type IA;FBLN5;gene;10516.0;FBLN5;ENSG00000140092;https://omim.org/entry/604580
605654;Mitochondrial DNA depletion syndrome 13;FBXL4;gene;26235.0;FBXL4;ENSG00000112234;https://omim.org/entry/605654
134820;Amyloidosis, familial visceral, hereditary renal;FGA;gene;2243.0;FGA;ENSG00000171560;https://omim.org/entry/134820
602115;Lacrimoauriculodentodigital syndrome;FGF10;gene;2255.0;FGF10;ENSG00000070193;https://omim.org/entry/602115
605558;Renal hypodysplasiaaplasia 2;FGF20;gene;26281.0;FGF20;ENSG00000078579;https://omim.org/entry/605558
605380;Hypophosphatemic Rickets, autosomal dominant Tumoral Calcinosis, hyperphosphatemic, familial;FGF23;gene;8074.0;FGF23;ENSG00000118972;https://omim.org/entry/605380
136350;Encephalocraniocutaneous Lipomatosis, Kallmann syndrome 2, kal2;FGFR1;gene;2260.0;FGFR1;ENSG00000077782;https://omim.org/entry/136350
176943;Pfeiffer syndrome type 3, Antley-Bixler syndrome, Apert syndrome, LADD syndrome;FGFR2;gene;2263.0;FGFR2;ENSG00000066468;https://omim.org/entry/176943
134934;Thanatophoric dysplasia type 1, Thanatophoric dysplasia type;FGFR3;gene;2261.0;FGFR3;ENSG00000068078;https://omim.org/entry/134934
614505;Ehlers-Danlos syndrome with progressive kyphoscoliosis, myopathy, and hearing loss;FKBP14;gene;55033.0;FKBP14;ENSG00000106080;https://omim.org/entry/614505
607273;Birt-Hogg-Dube Syndrome;FLCN;gene;201163.0;FLCN;ENSG00000154803;https://omim.org/entry/607273
300017;"Congenital short bowel syndrome Melnick-Needles syndrome Otopalatodigital syndrome, type 2, Frontometaphyseal
Dysplasia";FLNA;gene;2316.0;FLNA;ENSG00000196924;https://omim.org/entry/300017
603381;Spondylocarpotarsal synostosis syndrome;FLNB;gene;2317.0;FLNB;ENSG00000136068;https://omim.org/entry/603381
136352;Lymphedema, hereditary, IA;FLT4;gene;2324.0;FLT4;ENSG00000037280;https://omim.org/entry/136352
135600;Glomerulopathy with fibronectin deposits 2;FN1;gene;2335.0;FN1;ENSG00000115414;https://omim.org/entry/135600
601090;Axenfeld-Rieger syndrome, Type 3;FOXC1;gene;2296.0;FOXC1;ENSG00000054598;https://omim.org/entry/601090
602402;Lymphedema-distichiasis syndrome with renal disease and diabetes mellitus;FOXC2;gene;2303.0;FOXC2;ENSG00000176692;https://omim.org/entry/602402
601089;Alveolar capillary dysplasia with misalignment of pulmonary veins, acdmpv;FOXF1;gene;2294.0;FOXF1;ENSG00000103241;https://omim.org/entry/601089
607830;Fraser syndrome;FRAS1;gene;80144.0;FRAS1;ENSG00000138759;https://omim.org/entry/607830
608944;Bifid nose with or without anorectal and renal anomalies;FREM1;gene;158326.0;FREM1;ENSG00000164946;https://omim.org/entry/608944
608945;Fraser syndrome;FREM2;gene;341640.0;FREM2;ENSG00000150893;https://omim.org/entry/608945
610622;Caudal regression sequence;FUZ;gene;80199.0;FUZ;ENSG00000010361;https://omim.org/entry/610622
601814;Hypomagnesemia 2, renal;FXYD2;gene;486.0;FXYD2;ENSG00000137731;https://omim.org/entry/601814
613742;Glycogen storage disease Ia;G6PC;gene;2538.0;G6PC;ENSG00000131482;https://omim.org/entry/613742
601756;Tumoral calcinosis, hyperphosphatemic, familial, hftc;GALNT3;gene;2591.0;GALNT3;ENSG00000115339;https://omim.org/entry/601756
131320;Hypoparathyroidism, deafness, renal disease syndrome;GATA3;gene;2625.0;GATA3;ENSG00000107485;https://omim.org/entry/131320
601656;Pancreatic agenesis and congenital heart defects;GATA6;gene;2627.0;GATA6;ENSG00000141448;https://omim.org/entry/601656
606463;Gaucher disease;GBA;gene;2629.0;GBA;ENSG00000177628;https://omim.org/entry/606463
608801;Glutaricaciduria, type I;GCDH;gene;2639.0;GCDH;ENSG00000105607;https://omim.org/entry/608801
603716;Hypoparathyroidism, familial isolated;GCM2;gene;9247.0;GCM2;ENSG00000124827;https://omim.org/entry/603716
605120;Hereditary hemorrhagic telangiectasia;GDF2;gene;2658.0;GDF2;ENSG00000263761;https://omim.org/entry/605120
600837;Congenital Anomalies of the Kidney and the Urinary Tract;GDNF;gene;2668.0;GDNF;ENSG00000168621;https://omim.org/entry/600837
300644;Fabry Disease;GLA;gene;2717.0;GLA;ENSG00000102393;https://omim.org/entry/300644
611458;GM1-gangliosidosis, type 1, type 2;GLB1;gene;2720.0;GLB1;ENSG00000170266;https://omim.org/entry/611458
165240;Pallister-Hall syndrome;GLI3;gene;2737.0;GLI3;ENSG00000106571;https://omim.org/entry/165240
608539;Nephronophthisis 7;GLIS2;gene;84662.0;GLIS2;ENSG00000126603;https://omim.org/entry/608539
610192;Diabetes Mellitus, Neonatal, With Congenital Hypothyroidism;GLIS3;gene;169792.0;GLIS3;ENSG00000107249;https://omim.org/entry/610192
139313;Hypocalciuric hypercalcemia, type 2;GNA11;gene;2767.0;GNA11;ENSG00000088256;https://omim.org/entry/139313
139320;pseudohypoparathyroidism, type 1B;GNAS;gene;2778.0;GNAS;ENSG00000087460;https://omim.org/entry/139320
610540;pseudohypoparathyroidism, type 1B;GNASGAS1;gene;149775.0;GNAS-AS1;ENSG00000235590;https://omim.org/entry/610540
139380;Mental retardation, autosomal dominant 42;GNB1;gene;2782.0;GNB1;ENSG00000078369;https://omim.org/entry/139380
300037;Simpson golabi behmel syndrome type 1;GPC3;gene;2719.0;GPC3;ENSG00000147257;https://omim.org/entry/300037
604296;Hyperoxaluria, primary, type 2;GRHPR;gene;9380.0;GRHPR;ENSG00000137106;https://omim.org/entry/604296
604597;Fraser syndrome;GRIP1;gene;23426.0;GRIP1;ENSG00000155974;https://omim.org/entry/604597
137350;Amyloidosis, Finnish type cerebral amyloid angiopathy, GSN- related;GSN;gene;2934.0;GSN;ENSG00000148180;https://omim.org/entry/137350
141900;Sickle Cell Anemia beta-thalassemia, dominant inclusion body type;HBB;gene;3043.0;HBB;ENSG00000244734;https://omim.org/entry/141900
300269;Cornelia de Lange syndrome;HDAC8;gene;55869.0;HDAC8;ENSG00000147099;https://omim.org/entry/300269
608059;Autosomal recessive spondylocostal dysostosis;HES7;gene;84667.0;HES7;ENSG00000179111;https://omim.org/entry/608059
607474;Alkaptonuria;HGD;gene;3081.0;HGD;ENSG00000113924;https://omim.org/entry/607474
142410;Diabetes mellitus, insulin-dependent, 20, MODY, type 3, Renal cell carcinoma;HNF1A;gene;6927.0;HNF1A;ENSG00000135100;https://omim.org/entry/142410
189907;Renal Cysts and Diabetes Syndrome;HNF1B;gene;6928.0;HNF1B;ENSG00000275410;https://omim.org/entry/189907
600281;Renal cysts and diabetes syndrome, Hyperinsulinism due to HNF4A deficiency, Fanconi renotubular syndrome 4, with maturity-onset diabetes of the young;HNF4A;gene;3172.0;HNF4A;ENSG00000101076;https://omim.org/entry/600281
613597;Primary hyperoxaluria type 3;HOGA1;gene;112817.0;HOGA1;ENSG00000241935;https://omim.org/entry/613597
142959;Hand-foot-uterus syndrome;HOXA13;gene;3209.0;HOXA13;ENSG00000106031;https://omim.org/entry/142959
142989;Vacterl association with hydrocephalus;HOXD13;gene;3239.0;HOXD13;ENSG00000128714;https://omim.org/entry/142989
308000;Kelley-Seegmiller Syndrome Lesch-Nyhan Syndrome;HPRT1;gene;3251.0;HPRT1;ENSG00000165704;https://omim.org/entry/308000
604982;Hermansky-Pudlak syndrome 1;HPS1;gene;3257.0;HPS1;ENSG00000107521;https://omim.org/entry/604982
613469;Ochoa syndrome, Urofacial syndrome 1;HPSE2;gene;60495.0;HPSE2;ENSG00000172987;https://omim.org/entry/613469
190020;Costello syndrome;HRAS;gene;3265.0;HRAS;ENSG00000174775;https://omim.org/entry/190020
614232;Apparent mineralocorticoid excess;HSD11B2;gene;3291.0;HSD11B2;ENSG00000176387;https://omim.org/entry/614232
605573;46,XY disorder of sex development due to 17-beta- hydroxysteroid dehydrogenase 3 deficiency;HSD17B3;gene;3293.0;HSD17B3;ENSG00000130948;https://omim.org/entry/605573
601860;D-bifunctional protein deficiency;HSD17B4;gene;3295.0;HSD17B4;ENSG00000133835;https://omim.org/entry/601860
613890;Congenital adrenal hyperplasia due to 3-beta-hydroxysteroid dehydrogenase deficiency;HSD3B2;gene;3284.0;HSD3B2;ENSG00000203859;https://omim.org/entry/613890
600548;Even-plus syndrome;HSPA9;gene;3313.0;HSPA9;ENSG00000113013;https://omim.org/entry/600548
142461;Schwartz-Jampel syndrome;HSPG2;gene;3339.0;HSPG2;ENSG00000142798;https://omim.org/entry/142461
610693;Hydrolethalus syndrome;HYLS1;gene;219844.0;HYLS1;ENSG00000198331;https://omim.org/entry/610693
612325;Endocrine-cerebroosteodysplasia;ICK;gene;22858.0;CILK1;ENSG00000112144;https://omim.org/entry/612325
606045;Cranioectodermal dysplasia type 1;IFT122;gene;55764.0;IFT122;ENSG00000163913;https://omim.org/entry/606045
614620;Short rib-polydactyly syndrome (Jeune\'s syndrome) type 9;IFT140;gene;9742.0;IFT140;ENSG00000187535;https://omim.org/entry/614620
607386;Bardet-Biedl syndrome, Short rib-polydactyly syndrome (Jeune\'s syndrome) type 10;IFT172;gene;26160.0;IFT172;ENSG00000138002;https://omim.org/entry/607386
615870;Bardet-Biedl syndrome 19;IFT27;gene;11020.0;IFT27;ENSG00000100360;https://omim.org/entry/615870
614068;Cranioectodermal dysplasia type 3;IFT43;gene;112752.0;IFT43;ENSG00000119650;https://omim.org/entry/614068
611177;Short rib-polydactyly syndrome, Verma-Naumoff type;IFT80;gene;57560.0;IFT80;ENSG00000068885;https://omim.org/entry/611177
603722;Familial dysautonomia, Hereditary sensory and autonomic neuropathy type 3, hsan3;IKBKAP;gene;8518.0;ELP1;ENSG00000070061;https://omim.org/entry/603722
610982;Focal Segmental Glomerulosclerosis 5 Charcot-Marie-Tooth disease E;INF2;gene;64423.0;INF2;ENSG00000203485;https://omim.org/entry/610982
613037;Joubert syndrome with hepatic defectJoubert Syndrome 1;INPP5E;gene;56623.0;INPP5E;ENSG00000148384;https://omim.org/entry/613037
600829;Opsismodysplasia;INPPL1;gene;3636.0;INPPL1;ENSG00000165458;https://omim.org/entry/600829
147670;Rabson-Mendenhall syndrome;INSR;gene;3643.0;INSR;ENSG00000171105;https://omim.org/entry/147670
243305;Senior-Loken syndrome, Nephronophthisis 2, infantile;INVS;gene;27130.0;INVS;ENSG00000119509;https://omim.org/entry/243305
609237;Senior-loken syndrome 5;IQCB1;gene;9657.0;IQCB1;ENSG00000173226;https://omim.org/entry/609237
607199;Popliteal pterygium syndrome 1;IRF6;gene;3664.0;IRF6;ENSG00000117595;https://omim.org/entry/607199
605025;Interstitial lung disease, nephrotic syndrome, and epidermolysis bullosa, congenital;ITGA3;gene;3675.0;ITGA3;ENSG00000005884;https://omim.org/entry/605025
147556;Junctional epidermolysis bullosa-pyloric atresia syndrome, Epidermolysis bullosa, junctional, with pyloric stenosis;ITGA6;gene;3655.0;ITGA6;ENSG00000091409;https://omim.org/entry/147556
604063;Renal hypodysplasia-aplasia 1;ITGA8;gene;8516.0;ITGA8;ENSG00000077943;https://omim.org/entry/604063
147557;Epidermolysis bullosa, junctional, with pyloric atresia;ITGB4;gene;3691.0;ITGB4;ENSG00000132470;https://omim.org/entry/147557
601920;Alagille syndrome type 1;JAG1;gene;182.0;JAG1;ENSG00000101384;https://omim.org/entry/601920
606871;Hemorrhagic destruction of the brain, subependymal calcification, and cataracts;JAM3;gene;83700.0;JAM3;ENSG00000166086;https://omim.org/entry/606871
607704;Nephroticsyndrome;KANK1;gene;23189.0;KANK1;ENSG00000107104;https://omim.org/entry/607704
614610;Palmoplantar keratoderma and woolly hair;KANK2;gene;25959.0;KANK2;ENSG00000197256;https://omim.org/entry/614610
614612;Nephrotic syndrome;KANK4;gene;163782.0;KANK4;ENSG00000132854;https://omim.org/entry/614612
612452;Koolen-De Vries Syndrome;KANSL1;gene;284058.0;KANSL1;ENSG00000120071;https://omim.org/entry/612452
605880;Genitopatellar syndrome;KAT6B;gene;23522.0;KAT6B;ENSG00000156650;https://omim.org/entry/605880
176260;Hypomagnesemia associated with myokymia;KCNA1;gene;3736.0;KCNA1;ENSG00000111262;https://omim.org/entry/176260
603305;Zimmermann-Laband syndrome 1;KCNH1;gene;3756.0;KCNH1;ENSG00000143473;https://omim.org/entry/603305
600359;Bartter\'s syndrome, type 2;KCNJ1;gene;3758.0;KCNJ1;ENSG00000151704;https://omim.org/entry/600359
602208;Seizures, sensorineural deafness, ataxia, mental retardation, and electrolyte imbalance (sesame syndrome);KCNJ10;gene;3766.0;KCNJ10;ENSG00000177807;https://omim.org/entry/602208
600734;Hyperaldosteronism,familial,type 3;KCNJ5;gene;3762.0;KCNJ5;ENSG00000120457;https://omim.org/entry/600734
613420;Scalp-Ear-Nipple Syndrome;KCTD1;gene;284252.0;KCTD1;ENSG00000134504;https://omim.org/entry/613420
609132;Cleft palate, psychomotor retardation, and distinctive facial features;KDM1A;gene;23028.0;KDM1A;ENSG00000004487;https://omim.org/entry/609132
300128;Kabuki syndrome;KDM6A;gene;7403.0;KDM6A;ENSG00000147050;https://omim.org/entry/300128
611279;Meckel syndrome 12;KIF14;gene;9928.0;KIF14;ENSG00000118193;https://omim.org/entry/611279
611254;Acrocallosal syndrome;KIF7;gene;374654.0;KIF7;ENSG00000166813;https://omim.org/entry/611254
604824;Tumoral calcinosis, hyperphosphatemic;KL;gene;9365.0;KL;ENSG00000133116;https://omim.org/entry/604824
605775;Pseudohypoaldosteronism, type 2d;KLHL3;gene;26249.0;KLHL3;ENSG00000146021;https://omim.org/entry/605775
602113;Kabuki syndrome 1;KMT2D;gene;8085.0;KMT2D;ENSG00000167548;https://omim.org/entry/602113
190070;Cardiofaciocutaneous syndrome;KRAS;gene;3845.0;KRAS;ENSG00000133703;https://omim.org/entry/190070
605197;Hydroxykynureninuria;KYNU;gene;8942.0;KYNU;ENSG00000115919;https://omim.org/entry/605197
150325;Nephrotic syndrome, type 5, with or without ocular abnormalities Pierson Syndrome;LAMB2;gene;3913.0;LAMB2;ENSG00000172037;https://omim.org/entry/150325
150310;Amelogenesis imperfecta, type IA, Epidermolysis bullosa, junctional, Herlitz type, Epidermolysis bullosa, junctional, non- Herlitz type;LAMB3;gene;3914.0;LAMB3;ENSG00000196878;https://omim.org/entry/150310
150292;Epidermolysis bullosa, junctional, Herlitz type, Epidermolysis bullosa, junctional, non-Herlitz type;LAMC2;gene;3918.0;LAMC2;ENSG00000058085;https://omim.org/entry/150292
151350;Infantile liver failure syndrome 1;LARS;gene;51520.0;LARS1;ENSG00000133706;https://omim.org/entry/151350
606967;Norum disease;LCAT;gene;3931.0;LCAT;ENSG00000213398;https://omim.org/entry/606967
150000;Glycogen storage disease XI;LDHA;gene;3939.0;LDHA;ENSG00000134333;https://omim.org/entry/150000
602576;Autosomal recessive spondylocostal dysostosis;LFNG;gene;3955.0;LFNG;ENSG00000106003;https://omim.org/entry/602576
612625;Methylmalonic aciduria and homocystinuria, cblF type;LMBRD1;gene;55788.0;LMBRD1;ENSG00000168216;https://omim.org/entry/612625
150330;Atypical Werner syndrome Laminopathy type Decaudain- Vigouroux LMNA-related cardiocutaneous progeria syndrome, Restrictive Dermopathy, Lethal;LMNA;gene;4000.0;LMNA;ENSG00000160789;https://omim.org/entry/150330
602575;Nail-patella syndrome;LMX1B;gene;4010.0;LMX1B;ENSG00000136944;https://omim.org/entry/602575
605490;CODAS syndrome;LONP1;gene;9361.0;LONP1;ENSG00000196365;https://omim.org/entry/605490
605518;Myoglobinuria, acute recurrent;LPIN1;gene;23175.0;LPIN1;ENSG00000134324;https://omim.org/entry/605518
608869;Ochoa syndrome, Urofacial Syndrome 2;LRIG2;gene;9860.0;LRIG2;ENSG00000198799;https://omim.org/entry/608869
600073;Donnai-barrow syndrome;LRP2;gene;4036.0;LRP2;ENSG00000081479;https://omim.org/entry/600073
604270;Cenani-lenz syndactyly syndrome;LRP4;gene;4038.0;LRP4;ENSG00000134569;https://omim.org/entry/604270
604710;Cutis laxa, autosomal recessive, type IC;LTBP4;gene;8425.0;LTBP4;ENSG00000090006;https://omim.org/entry/604710
153450;Amyloidosis, familial visceral, renal;LYZ;gene;4069.0;LYZ;ENSG00000090382;https://omim.org/entry/153450
606568;Bardet Biedl syndrome type 17;LZTFL1;gene;54585.0;LZTFL1;ENSG00000163818;https://omim.org/entry/606568
608968;Multicentric carpo-tarsal osteolysis with or without nephropathy;MAFB;gene;9935.0;MAFB;ENSG00000204103;https://omim.org/entry/608968
300470;Bartter syndrome, type 5, antenatal, transient;MAGED2;gene;10916.0;MAGED2;ENSG00000102316;https://omim.org/entry/300470
176872;Cardiofaciocutaneous syndrome;MAP2K1;gene;5604.0;MAP2K1;ENSG00000169032;https://omim.org/entry/176872
601263;Cardiofaciocutaneous syndrome;MAP2K2;gene;5605.0;MAP2K2;ENSG00000126934;https://omim.org/entry/601263
605789;Symmetric circumferential skin creases congenital, 2;MAPRE2;gene;10982.0;MAPRE2;ENSG00000166974;https://omim.org/entry/605789
300294;IFAP Syndrome with or without Bresheck Syndrome;MBTPS2;gene;51360.0;MBTPS2;ENSG00000012174;https://omim.org/entry/300294
608107;Familial Mediterranean fever;MEFV;gene;4210.0;MEFV;ENSG00000103313;https://omim.org/entry/608107
605195;Autosomal recessive spondylocostal dysostosis;MESP2;gene;145873.0;MESP2;ENSG00000188095;https://omim.org/entry/605195
609415;Feingold syndrome 2, Brachydactyly with short stature and microcephaly;MIR17HG;gene;407975.0;MIR17HG;ENSG00000215417;https://omim.org/entry/609415
604896;Bardet-biedl syndrome 6, McKusick-Kaufman syndrome;MKKS;gene;8195.0;MKKS;ENSG00000125863;https://omim.org/entry/604896
609883;Meckel syndrome 1, Bardet-Biedl syndrome 13;MKS1;gene;54903.0;MKS1;ENSG00000011143;https://omim.org/entry/609883
120436;Muir-Torre syndrome;MLH1;gene;4292.0;MLH1;ENSG00000076242;https://omim.org/entry/120436
609831;Methylmalonic aciduria and homocystinuria, cblc type;MMACHC;gene;25974.0;MMACHC;ENSG00000132763;https://omim.org/entry/609831
142994;Currarino syndrome;MNX1;gene;3110.0;MNX1;ENSG00000130675;https://omim.org/entry/142994
605810;Combined oxidative phosphorylation deficiency 5;MRPS22;gene;56945.0;MRPS22;ENSG00000175110;https://omim.org/entry/605810
609309;Muir-Torre syndrome colorectal cancer, hereditary, nonpolyposis, type 1;MSH2;gene;4436.0;MSH2;ENSG00000095002;https://omim.org/entry/609309
600678;Muir-Torre syndrome;MSH6;gene;2956.0;MSH6;ENSG00000116062;https://omim.org/entry/600678
300415;Myotubular myopathy;MTM1;gene;4534.0;MTM1;ENSG00000171100;https://omim.org/entry/300415
158340;Medullary cystic kidney disease 1;MUC1;gene;4582.0;MUC1;ENSG00000185499;https://omim.org/entry/158340
609058;Vitamin B12-unresponsive methylmalonic acidemia type mut0;MUT;gene;4594.0;MMUT;ENSG00000146085;https://omim.org/entry/609058
251170;Mevalonic aciduria;MVK;gene;4598.0;MVK;ENSG00000110921;https://omim.org/entry/251170
164840;Feingold syndrome;MYCN;gene;4613.0;MYCN;ENSG00000134323;https://omim.org/entry/164840
160775;Fechtner syndrome, Epstein Syndrome;MYH9;gene;4627.0;MYH9;ENSG00000100345;https://omim.org/entry/160775
601479;Glomerulosclerosis, focal segmental, 6;MYO1E;gene;4643.0;MYO1E;ENSG00000157483;https://omim.org/entry/601479
300013;Microphthalmia, Lenz type, Microphthalmia, syndromic 1;NAA10;gene;8260.0;NAA10;ENSG00000102030;https://omim.org/entry/300013
612803;Combined oxidative phosphorylation deficiency 24;NARS2;gene;79731.0;NARS2;ENSG00000137513;https://omim.org/entry/612803
602667;Nijmegen breakage syndrome;NBN;gene;4683.0;NBN;ENSG00000104320;https://omim.org/entry/602667
600644;Cleft lip,palate-ectodermal dysplasia syndrome;NECTIN1;gene;5818.0;NECTIN1;ENSG00000110400;https://omim.org/entry/600644
604588;Short rib-polydactyly syndrome (Jeune\'s syndrome) type 6;NEK1;gene;4750.0;NEK1;ENSG00000137601;https://omim.org/entry/604588
609799;Nephronophthisis 9 Renal-heaptic-pancreatic dysplasia 2;NEK8;gene;284086.0;NEK8;ENSG00000160602;https://omim.org/entry/609799
300524;Mental retardation, X-linked 98;NEXMIF;gene;340533.0;NEXMIF;ENSG00000050030;https://omim.org/entry/300524
613113;Neurofibromatosis, type I;NF1;gene;4763.0;NF1;ENSG00000196712;https://omim.org/entry/613113
606470;Dyskeratosis congenita;NHP2;gene;55651.0;NHP2;ENSG00000145912;https://omim.org/entry/606470
608667;Cornelia de lange syndrome type 1;NIPBL;gene;25836.0;NIPBL;ENSG00000164190;https://omim.org/entry/608667
606416;Muckle-wells syndrome Familial cold-induced inflammatory syndrome 1;NLRP3;gene;114548.0;NLRP3;ENSG00000162711;https://omim.org/entry/606416
600275;Acroosteolysis dominant type, Alagille syndrome 2, Hajdu- Cheney Syndrome;NOTCH2;gene;4853.0;NOTCH2;ENSG00000134250;https://omim.org/entry/600275
600276;Infantile myofibromatosis, Cerebral arteriopathy with subcortical infarcts and leukoencephalopathy 1, Lateral meningocele syndrome;NOTCH3;gene;4854.0;NOTCH3;ENSG00000074181;https://omim.org/entry/600276
607100;Bardet-Biedl syndrome, Nephronophthisis 1 (juvenile), Senior- Loken syndrome, Joubert syndrome 4;NPHP1;gene;4867.0;NPHP1;ENSG00000144061;https://omim.org/entry/607100
608002;Senior-Loken syndrome, Nephronophthisis 3 (adolescent), Meckel syndrome 7, Renal-hepatic-pancreatic dysplasia;NPHP3;gene;27031.0;NPHP3;ENSG00000113971;https://omim.org/entry/608002
607215;Nephronophthisis 4 Senior-Loken syndrome 4;NPHP4;gene;261734.0;NPHP4;ENSG00000131697;https://omim.org/entry/607215
602716;Congenital nephrotic syndrome, Finnish type;NPHS1;gene;4868.0;NPHS1;ENSG00000161270;https://omim.org/entry/602716
604766;Nephrotic syndrome type 2;NPHS2;gene;7827.0;NPHS2;ENSG00000116218;https://omim.org/entry/604766
300473;Adrenal hypoplasia, congenital, with hypogonadotropic hypogonadism;NR0B1;gene;190.0;NR0B1;ENSG00000169297;https://omim.org/entry/300473
600983;Pseudohypoaldosteronism Type I, autosomal dominant Hypertension, Early-Onset, Autosomal Dominant, With Exacerbation in Pregnancy;NR3C2;gene;4306.0;NR3C2;ENSG00000151623;https://omim.org/entry/600983
606681;Sotos syndrome 1, Beckwith-Wiedemann syndrome, BWS;NSD1;gene;64324.0;NSD1;ENSG00000165671;https://omim.org/entry/606681
300275;CHILD syndrome;NSDHL;gene;50814.0;NSDHL;ENSG00000147383;https://omim.org/entry/300275
607617;Nephrotic syndrome, type 11;NUP107;gene;57122.0;NUP107;ENSG00000111581;https://omim.org/entry/607617
614352;Nephrotic syndrome, type 13;NUP205;gene;23165.0;NUP205;ENSG00000155561;https://omim.org/entry/614352
614351;Nephrotic Syndrome, Type 12;NUP93;gene;9688.0;NUP93;ENSG00000102900;https://omim.org/entry/614351
602876;Band-like calcification with simplified gyration and polymicogyria;OCLN;gene;100506658.0;OCLN;ENSG00000197822;https://omim.org/entry/602876
300535;Dent disease 2 Lowe syndrome;OCRL;gene;4952.0;OCRL;ENSG00000122126;https://omim.org/entry/300535
300170;Joubert syndrome type 10, Orofaciodigital syndrome I, Golabi-Behmel syndrome, type 2;OFD1;gene;8481.0;OFD1;ENSG00000046651;https://omim.org/entry/300170
614243;5-oxoprolinase deficiency;OPLAH;gene;26873.0;OPLAH;ENSG00000178814;https://omim.org/entry/614243
610506;Zellweger syndrome 3;PAF1;gene;54623.0;PAF1;ENSG00000006712;https://omim.org/entry/610506
610355;Fanconi Anemia, Complementation Group N;PALB2;gene;79728.0;PALB2;ENSG00000083093;https://omim.org/entry/610355
167409;Renal coloboma syndrome, FSGS 7, Papillorenal Syndrome, PAPRS;PAX2;gene;5076.0;PAX2;ENSG00000075891;https://omim.org/entry/167409
608786;Pyruvate carboxylase deficiency;PC;gene;5091.0;PC;ENSG00000173599;https://omim.org/entry/608786
602676;Joubert\'s syndrome type 22;PDE6D;gene;5147.0;PDE6D;ENSG00000156973;https://omim.org/entry/602676
607429;Coenzyme Q10 deficiency, primary, 2;PDSS1;gene;23590.0;PDSS1;ENSG00000148459;https://omim.org/entry/607429
610564;Coenzyme q10 deficiency, primary, 3;PDSS2;gene;57107.0;PDSS2;ENSG00000164494;https://omim.org/entry/610564
614770;Mitochondrial Complex 4 deficiency;PET100;gene;100131801.0;PET100;ENSG00000229833;https://omim.org/entry/614770
602136;Zellweger syndrome;PEX1;gene;5189.0;PEX1;ENSG00000127980;https://omim.org/entry/602136
602859;Zellweger syndrome;PEX10;gene;5192.0;PEX10;ENSG00000157911;https://omim.org/entry/602859
603867;Zellweger syndrome;PEX11B;gene;8799.0;PEX11B;ENSG00000131779;https://omim.org/entry/603867
601758;Zellweger syndrome;PEX12;gene;5193.0;PEX12;ENSG00000108733;https://omim.org/entry/601758
601789;Zellweger syndrome;PEX13;gene;5194.0;PEX13;ENSG00000162928;https://omim.org/entry/601789
601791;Zellweger syndrome;PEX14;gene;5195.0;PEX14;ENSG00000142655;https://omim.org/entry/601791
603360;Zellweger syndrome;PEX16;gene;9409.0;PEX16;ENSG00000121680;https://omim.org/entry/603360
600279;Zellweger syndrome;PEX19;gene;5824.0;PEX19;ENSG00000162735;https://omim.org/entry/600279
170993;Zellweger syndrome;PEX2;gene;5828.0;PEX2;ENSG00000164751;https://omim.org/entry/170993
608666;Zellweger syndrome;PEX26;gene;55670.0;PEX26;ENSG00000215193;https://omim.org/entry/608666
603164;Zellweger syndrome;PEX3;gene;8504.0;PEX3;ENSG00000034693;https://omim.org/entry/603164
600414;Zellweger syndrome;PEX5;gene;5830.0;PEX5;ENSG00000139197;https://omim.org/entry/600414
601498;Zellweger syndrome;PEX6;gene;5190.0;PEX6;ENSG00000124587;https://omim.org/entry/601498
311800;Phosphoglycerate kinase 1 deficiency;PGK1;gene;5230.0;PGK1;ENSG00000102144;https://omim.org/entry/311800
172100;Immunodeficiency 23;PGM3;gene;5238.0;PGM3;ENSG00000013375;https://omim.org/entry/172100
300550;Hypophosphatemic rickets;PHEX;gene;5251.0;PHEX;ENSG00000102174;https://omim.org/entry/300550
606879;Neu-Laxova syndrome 1;PHGDH;gene;26227.0;PHGDH;ENSG00000092621;https://omim.org/entry/606879
613629;Marden-Walker Syndrome;PIEZO2;gene;63895.0;PIEZO2;ENSG00000154864;https://omim.org/entry/613629
311770;Multiple Congenital anomalies-hypotonia-seizures syndrome 2;PIGA;gene;5277.0;PIGA;ENSG00000165195;https://omim.org/entry/311770
605947;CHIME syndrome;PIGL;gene;9487.0;PIGL;ENSG00000108474;https://omim.org/entry/605947
606097;Multiple congenital anomalies-hypotonia-seizures syndrome 1;PIGN;gene;23556.0;PIGN;ENSG00000197563;https://omim.org/entry/606097
610272;Multiple congenital anomalies-hypotonia-seizures syndrome 3;PIGT;gene;51604.0;PIGT;ENSG00000124155;https://omim.org/entry/610272
171834;Cowden syndrome;PIK3CA;gene;5290.0;PIK3CA;ENSG00000121879;https://omim.org/entry/171834
603157;Megalencephaly-polymicogyria-polydactyly-hyodrcephalus syndrome 1;PIK3R2;gene;5296.0;PIK3R2;ENSG00000105647;https://omim.org/entry/603157
601542;Axenfeld-Rieger syndrome, type 1, Iridogoniodysgenesis, type 2, Peters anomaly, Ring dermoid of cornea;PITX2;gene;5308.0;PITX2;ENSG00000164093;https://omim.org/entry/601542
601313;Polycystic kidney disease 1;PKD1;gene;5310.0;PKD1;ENSG00000008710;https://omim.org/entry/601313
173910;Polycystic kidney disease 2;PKD2;gene;5311.0;PKD2;ENSG00000118762;https://omim.org/entry/173910
606702;Autosomal recessive polycystic kidney disease, Polycystic and hepatic disease;PKHD1;gene;5314.0;PKHD1;ENSG00000170927;https://omim.org/entry/606702
608414;Nephrotic syndrome type 3;PLCE1;gene;51196.0;PLCE1;ENSG00000138193;https://omim.org/entry/608414
173350;Plasminogen deficiency, Type I;PLG;gene;5340.0;PLG;ENSG00000122194;https://omim.org/entry/173350
153454;Ehlers-Danlos syndrome, type 6;PLOD1;gene;5351.0;PLOD1;ENSG00000083444;https://omim.org/entry/153454
601785;Congenital disorder of glycosylation, type Ia;PMM2;gene;5373.0;PMM2;ENSG00000140650;https://omim.org/entry/601785
603197;Laurence-Moon syndrome;PNPLA6;gene;10908.0;PNPLA6;ENSG00000032444;https://omim.org/entry/603197
176830;Obesity, adrenal insufficiency, and red hair due to POMC deficiency;POMC;gene;5443.0;POMC;ENSG00000115138;https://omim.org/entry/176830
607423;Muscular dystrophy-dystroglycanopathy, type A, 1;POMT1;gene;10585.0;POMT1;ENSG00000130714;https://omim.org/entry/607423
124015;Congenital adrenal hyperplasia due to cytochrome P450 oxidoreductase deficiency, Antley-Bixler Syndrome with Genital Anomalies and Disordered Steroidogenesis;POR;gene;5447.0;POR;ENSG00000127948;https://omim.org/entry/124015
300651;Focal dermal hypoplasia;PORCN;gene;64840.0;PORCN;ENSG00000102312;https://omim.org/entry/300651
613257;Microcephaly, short stature, and impaired glucose metabolism 2;PPP1R15B;gene;84919.0;PPP1R15B;ENSG00000158615;https://omim.org/entry/613257
300463;Renpenning Syndrome 1;PQBP1;gene;10084.0;PQBP1;ENSG00000102103;https://omim.org/entry/300463
176977;Autoimmune lymphoproliferative syndrome, type 2;PRKCD;gene;5580.0;PRKCD;ENSG00000163932;https://omim.org/entry/176977
606810;Hyperprolinemia, type I;PRODH;gene;5625.0;PRODH;ENSG00000100033;https://omim.org/entry/606810
607123;Kallmann syndrome 3, kal3 (hypogonadotropic hypogonadism 3 with or without anosmia);PROKR2;gene;128674.0;PROKR2;ENSG00000101292;https://omim.org/entry/607123
311850;Phosphoribosylpyrophosphate Synthetase Syperactivity;PRPS1;gene;5631.0;PRPS1;ENSG00000147224;https://omim.org/entry/311850
176801;Metachromatic leukodystrophy due to SAP-b deficiency;PSAP;gene;5660.0;PSAP;ENSG00000197746;https://omim.org/entry/176801
601728;Cowden syndrome, VATER association with macrocephaly and ventriculomegaly;PTEN;gene;5728.0;PTEN;ENSG00000171862;https://omim.org/entry/601728
168450;Hypoparathyroidism;PTH;gene;5741.0;PTH;ENSG00000152266;https://omim.org/entry/168450
168468;Metaphyseal chondrodysplasia, Murk -ansen type;PTH1R;gene;5745.0;PTH1R;ENSG00000160801;https://omim.org/entry/168468
176876;Noonan syndrome with multiple lentiginesLeopard syndrome 1;PTPN11;gene;5781.0;PTPN11;ENSG00000179295;https://omim.org/entry/176876
600579;Nephrotic syndrome, type 6;PTPRO;gene;5800.0;PTPRO;ENSG00000151490;https://omim.org/entry/600579
604819;Verheij syndrome;PUF60;gene;22827.0;PUF60;ENSG00000179950;https://omim.org/entry/604819
608455;McArdle Disease;PYGM;gene;5837.0;PYGM;ENSG00000068976;https://omim.org/entry/608455
602207;Micro syndrome;RAB18;gene;22931.0;RAB18;ENSG00000099246;https://omim.org/entry/602207
606144;Carpenter syndrome;RAB23;gene;51715.0;RAB23;ENSG00000112210;https://omim.org/entry/606144
602536;Micro syndrome;RAB3GAP1;gene;22930.0;RAB3GAP1;ENSG00000115839;https://omim.org/entry/602536
609275;Micro syndrome;RAB3GAP2;gene;25782.0;RAB3GAP2;ENSG00000118873;https://omim.org/entry/609275
602774;Fanconi anemia, complementation group O;RAD51C;gene;5889.0;RAD51C;ENSG00000108384;https://omim.org/entry/602774
607642;Smith-Magenis syndrome Yuan-Harel-Lupski syndrome;RAI1;gene;10743.0;RAI1;ENSG00000108557;https://omim.org/entry/607642
179520;Kabuki syndrome;RAP1A;gene;5906.0;RAP1A;ENSG00000116473;https://omim.org/entry/179520
179530;Kabuki syndrome;RAP1B;gene;5908.0;RAP1B;ENSG00000127314;https://omim.org/entry/179530
604124;Seckel Syndrome 2;RBBP8;gene;5932.0;RBBP8;ENSG00000101773;https://omim.org/entry/604124
300080;TARP syndrome;RBM10;gene;8241.0;RBM10;ENSG00000182872;https://omim.org/entry/300080
605313;Thrombocytopenia-absent radius syndrome;RBM8A;gene;9939.0;RBM8A;ENSG00000265241;https://omim.org/entry/605313
603780;Baller-gerold syndrome;RECQL4;gene;9401.0;RECQL4;ENSG00000160957;https://omim.org/entry/603780
179820;Renal tubular dysgenesis hyperuricemic nephropathy, familial juvenile 2;REN;gene;5972.0;REN;ENSG00000143839;https://omim.org/entry/179820
605226;Neurodevelopmental disorder with or without anomalies of the brain, eye, or heart;RERE;gene;473.0;RERE;ENSG00000142599;https://omim.org/entry/605226
164761;Renal agenesis, bilateral;RET;gene;5979.0;RET;ENSG00000165731;https://omim.org/entry/164761
610222;Macrocephaly, alopecia, cutis laxa, and scoliosis;RIN2;gene;54453.0;RIN2;ENSG00000132669;https://omim.org/entry/610222
605706;Popliteal pterygium syndrome, Bartsocas-Papas type;RIPK4;gene;54101.0;RIPK4;ENSG00000183421;https://omim.org/entry/605706
609891;Autosomal recessive spondylocostal dysostosis;RIPPLY2;gene;134701.0;RIPPLY2;ENSG00000203877;https://omim.org/entry/609891
614917;Combined oxidative phosphorylation deficiency 11;RMND1;gene;55005.0;RMND1;ENSG00000155906;https://omim.org/entry/614917
601428;Microcephalic osteodysplastic primordial dwarfism, type I;RNU4ATAC;gene;100151683.0;RNU4ATAC;ENSG00000264229;https://omim.org/entry/601428
602431;Vesicoureteral reflux 2;ROBO2;gene;6092.0;ROBO2;ENSG00000185008;https://omim.org/entry/602431
602337;Robinow syndrome;ROR2;gene;4920.0;ROR2;ENSG00000169071;https://omim.org/entry/602337
610937;Meckel syndrome 5, Joubert syndrome 7, COACH syndrome;RPGRIP1L;gene;23322.0;RPGRIP1L;ENSG00000103494;https://omim.org/entry/610937
604175;Diamond-Blackfan anemia 7;RPL11;gene;6135.0;RPL11;ENSG00000142676;https://omim.org/entry/604175
603704;Diamond-Blackfan anemia 11;RPL26;gene;6154.0;RPL26;ENSG00000161970;https://omim.org/entry/603704
180468;Blackfan-Diamond anemia;RPL35A;gene;6165.0;RPL35A;ENSG00000182899;https://omim.org/entry/180468
603634;Blackfan-Diamond anemia;RPL5;gene;6125.0;RPL5;ENSG00000122406;https://omim.org/entry/603634
603632;Blackfan-Diamond anemia;RPS10;gene;6204.0;RPS10;ENSG00000124614;https://omim.org/entry/603632
180472;Blackfan-Diamond anemia;RPS17;gene;6218.0;RPS17;ENSG00000182774;https://omim.org/entry/180472
603474;Diamond-Blackfan anemia 1;RPS19;gene;6223.0;RPS19;ENSG00000105372;https://omim.org/entry/603474
602412;Blackfan-Diamond anemia;RPS24;gene;6229.0;RPS24;ENSG00000138326;https://omim.org/entry/602412
603701;Diamond-Blackfan anemia 10;RPS26;gene;6231.0;RPS26;ENSG00000197728;https://omim.org/entry/603701
603685;Blackfan-Diamond anemia;RPS28;gene;6234.0;RPS28;ENSG00000233927;https://omim.org/entry/603685
603633;Blackfan-Diamond anemia;RPS29;gene;6235.0;RPS29;ENSG00000213741;https://omim.org/entry/603633
603658;Blackfan-Diamond anemia;RPS7;gene;6201.0;RPS7;ENSG00000171863;https://omim.org/entry/603658
604712;Mitochondrial DNA depletion syndrome 8A;RRM2B;gene;50484.0;RRM2B;ENSG00000048392;https://omim.org/entry/604712
610436;Microsephaly, short stature, and polymicogyria with or without seizures;RTTN;gene;25914.0;RTTN;ENSG00000176225;https://omim.org/entry/610436
602218;Townes-Brocks Branchiootorenal-like Syndrome;SALL1;gene;6299.0;SALL1;ENSG00000103449;https://omim.org/entry/602218
607343;Acro-renal-ocular syndrome, Duane-Radial Ray Syndrome IVIC Syndrome;SALL4;gene;57167.0;SALL4;ENSG00000101115;https://omim.org/entry/607343
612804;Hyperuricemia, pulmonary hypertension, renal failure and alkalosis;SARS2;gene;54938.0;SARS2;ENSG00000104835;https://omim.org/entry/612804
607444;Shwachman-Diamond syndrome;SBDS;gene;51119.0;SBDS;ENSG00000126524;https://omim.org/entry/607444
602286;Lathosterolosis;SC5D;gene;6309.0;SC5D;ENSG00000109929;https://omim.org/entry/602286
602257;Epilepsy, Progressive Myoclonic, 4 with or without Renal Failure;SCARB2;gene;950.0;SCARB2;ENSG00000138760;https://omim.org/entry/602257
603967;Hypokalemic periodic paralysis, hokpp type2;SCN4A;gene;6329.0;SCN4A;ENSG00000007314;https://omim.org/entry/603967
600228;Pseudohypoaldosteronism, Type I;SCNN1A;gene;6337.0;SCNN1A;ENSG00000111319;https://omim.org/entry/600228
600760;Liddle syndrome;SCNN1B;gene;6338.0;SCNN1B;ENSG00000168447;https://omim.org/entry/600760
600761;Pseudohypoaldosteronism, type 1, Liddle Syndrome;SCNN1G;gene;6340.0;SCNN1G;ENSG00000166828;https://omim.org/entry/600761
603644;Mitochondrial Complex 4 deficiency;SCO1;gene;6341.0;SCO1;ENSG00000133028;https://omim.org/entry/603644
613524;Senior loken syndrome type 7, Bardet-Biedl Syndrome 16;SDCCAG8;gene;10806.0;SDCCAG8;ENSG00000054282;https://omim.org/entry/613524
185470;Cowden Syndrome 2, Pheochormocytoma Paragangliomas 4;SDHB;gene;6390.0;SDHB;ENSG00000117118;https://omim.org/entry/185470
602413;Cowden syndrome;SDHC;gene;6391.0;SDHC;ENSG00000143252;https://omim.org/entry/602413
602690;Pheochromocytoma Cowden syndrome 3;SDHD;gene;6392.0;SDHD;ENSG00000204370;https://omim.org/entry/602690
608166;Charge syndrome;SEMA3E;gene;9723.0;SEMA3E;ENSG00000170381;https://omim.org/entry/608166
600943;Osteogenesis imperfecta, type X;SERPINH1;gene;871.0;SERPINH1;ENSG00000149257;https://omim.org/entry/600943
611060;Schinzel-Giedion Midface Retraction Syndrome;SETBP1;gene;26040.0;SETBP1;ENSG00000152217;https://omim.org/entry/611060
605593;Nager syndrome, Acrofacial dysostosis 1, Nager type;SF3B4;gene;10262.0;SF3B4;ENSG00000143368;https://omim.org/entry/605593
600725;Single median maxillary central incisor holoprosencephaly 3;SHH;gene;6469.0;SHH;ENSG00000164690;https://omim.org/entry/600725
609845;Sucrase-isomaltase deficiency, congenital;SI;gene;6476.0;SI;ENSG00000090402;https://omim.org/entry/609845
601205;Branchio-oto-renal syndrome;SIX1;gene;6495.0;SIX1;ENSG00000126778;https://omim.org/entry/601205
604994;Renal hypodysplasia;SIX2;gene;10736.0;SIX2;ENSG00000170577;https://omim.org/entry/604994
600963;Branchio-oto-renal syndrome 2;SIX5;gene;147912.0;SIX5;ENSG00000177045;https://omim.org/entry/600963
600839;Bartter syndrome, type 1, antenatal;SLC12A1;gene;6557.0;SLC12A1;ENSG00000074803;https://omim.org/entry/600839
600968;Gitelman syndrome;SLC12A3;gene;6559.0;SLC12A3;ENSG00000070915;https://omim.org/entry/600968
611910;Cataract, juvenile, with microcornea and glucosuria;SLC16A12;gene;387700.0;SLC16A12;ENSG00000152779;https://omim.org/entry/611910
133550;Dicarboylic aminoaciduria;SLC1A1;gene;6505.0;SLC1A1;ENSG00000106688;https://omim.org/entry/133550
607096;Hypouricemia, renal, 1, rhuc1;SLC22A12;gene;116085.0;SLC22A12;ENSG00000197891;https://omim.org/entry/607096
190315;Combined D-2- and L-2-hydroxyglutaric aciduria;SLC25A1;gene;6576.0;SLC25A1;ENSG00000100075;https://omim.org/entry/190315
605646;Pendred syndrome;SLC26A4;gene;5172.0;SLC26A4;ENSG00000091137;https://omim.org/entry/605646
606145;Arterial tortuosity syndrome,ats;SLC2A10;gene;81031.0;SLC2A10;ENSG00000197496;https://omim.org/entry/606145
138160;Fanconi-Bickel syndrome;SLC2A2;gene;6514.0;SLC2A2;ENSG00000163581;https://omim.org/entry/138160
606142;Hypouricemia, renal, 2;SLC2A9;gene;56606.0;SLC2A9;ENSG00000109667;https://omim.org/entry/606142
182309;Fanconi renotubular syndrome 2 hypercalcemia, infantile, 2 nephrolithiasis,osteoporosis, hypophosphatemic, 1;SLC34A1;gene;6569.0;SLC34A1;ENSG00000131183;https://omim.org/entry/182309
609826;Hypophosphatemic rickets with hypercalciuria, hereditary;SLC34A3;gene;142680.0;SLC34A3;ENSG00000198569;https://omim.org/entry/609826
608331;Hyperglycinuria;SLC36A2;gene;153201.0;SLC36A2;ENSG00000186335;https://omim.org/entry/608331
602671;Glycogen storage disease Ib Ic;SLC37A4;gene;2542.0;SLC37A4;ENSG00000137700;https://omim.org/entry/602671
104614;Cystinuria;SLC3A1;gene;6519.0;SLC3A1;ENSG00000138079;https://omim.org/entry/104614
109270;Renal tubular acidosis, distal;SLC4A1;gene/phenotype;6521.0;SLC4A1;ENSG00000004939;https://omim.org/entry/109270
603345;Renal tubular acidosis, proximal, with ocular abnormalities and mental retardation;SLC4A4;gene;8671.0;SLC4A4;ENSG00000080493;https://omim.org/entry/603345
182381;Renal glucosuria;SLC5A2;gene;6524.0;SLC5A2;ENSG00000140675;https://omim.org/entry/182381
608893;Hartnup Disorder Hyperglycinuria;SLC6A19;gene;340024.0;SLC6A19;ENSG00000174358;https://omim.org/entry/608893
605616;Hyperglycinuria;SLC6A20;gene;54716.0;SLC6A20;ENSG00000163817;https://omim.org/entry/605616
603593;Lysinuric protein intolerance;SLC7A7;gene;9056.0;SLC7A7;ENSG00000155465;https://omim.org/entry/603593
604144;Cystinuria;SLC7A9;gene;11136.0;SLC7A9;ENSG00000021488;https://omim.org/entry/604144
604990;Nephrolithiasis,osteoporosis, hypophosphatemic, 2;SLC9A3R1;gene;9368.0;SLC9A3R1;ENSG00000109062;https://omim.org/entry/604990
603746;Congenital Anomalies of the Kidney and the Urinary Tract;SLIT2;gene;9353.0;SLIT2;ENSG00000145147;https://omim.org/entry/603746
613278;Fanconi anemia, complementation group P;SLX4;gene;84464.0;SLX4;ENSG00000188827;https://omim.org/entry/613278
603109;Loeys-Dietz syndrome 3;SMAD3;gene;4088.0;SMAD3;ENSG00000166949;https://omim.org/entry/603109
606622;Schimke immuno-osseous dysplasiaSchimke\'s immunoosseous dystrophy;SMARCAL1;gene;50485.0;SMARCAL1;ENSG00000138375;https://omim.org/entry/606622
603111;Coffin-Siris syndrome;SMARCE1;gene;6605.0;SMARCE1;ENSG00000073584;https://omim.org/entry/603111
300040;Cornelia de Lange syndrome;SMC1A;gene;8243.0;SMC1A;ENSG00000072501;https://omim.org/entry/300040
608488;Microphthalmia with limb anomalies;SMOC1;gene;64093.0;SMOC1;ENSG00000198732;https://omim.org/entry/608488
182282;Cerebrocostomandibular syndrome;SNRPB;gene;6628.0;SNRPB;ENSG00000125835;https://omim.org/entry/182282
600898;Mental retardation, autosomal dominant, 27;SOX11;gene;6664.0;SOX11;ENSG00000176887;https://omim.org/entry/600898
610928;Vesicoureteral Reflux 3;SOX17;gene;64321.0;SOX17;ENSG00000164736;https://omim.org/entry/610928
601618;Hypotrichosis-lymphedema-telangiectasia-renal defect syndrome;SOX18;gene;54345.0;SOX18;ENSG00000203883;https://omim.org/entry/601618
608160;Campomelic dysplasia;SOX9;gene;6662.0;SOX9;ENSG00000125398;https://omim.org/entry/608160
614140;Opitz GBBB syndrome, type 2;SPECC1L;gene;23384.0;SPECC1L;ENSG00000100014;https://omim.org/entry/614140
605124;Diarrhea 3, secretory sodium, congenital, syndromic;SPINT2;gene;10653.0;SPINT2;ENSG00000167642;https://omim.org/entry/605124
611421;Floating-Harbor syndrome;SRCAP;gene;10847.0;SRCAP;ENSG00000080603;https://omim.org/entry/611421
600617;Lipoid adrenal hyperplasia;STAR;gene;6770.0;STAR;ENSG00000147465;https://omim.org/entry/600617
602216;Peutz-Jeghers syndrome;STK11;gene;6794.0;STK11;ENSG00000118046;https://omim.org/entry/602216
610745;Microphthalmia, syndromic 9, mcops9;STRA6;gene;64220.0;STRA6;ENSG00000137868;https://omim.org/entry/610745
608626;Polyhydramnios, megalencephaly, and symptomatic epilepsy;STRADA;gene;92335.0;STRADA;ENSG00000266173;https://omim.org/entry/608626
607207;Spinocerebellar ataxia, autosomal recessive 16;STUB1;gene;10273.0;STUB1;ENSG00000103266;https://omim.org/entry/607207
603666;Pseudohypoparathyroidism, type 1B;STX16;gene;8675.0;STX16;ENSG00000124222;https://omim.org/entry/603666
603921;Mitochondrial dna depletion syndrome, encephalomyopathic form, with methylmalonic aciduria;SUCLA2;gene;8803.0;SUCLA2;ENSG00000136143;https://omim.org/entry/603921
609187;Glutaric aciduria 3;SUGCT;gene;79783.0;SUGCT;ENSG00000175600;https://omim.org/entry/609187
612958;Mitochondrial Complex 4 deficiency;TACO1;gene;51204.0;TACO1;ENSG00000136463;https://omim.org/entry/612958
612758;Osteochondrodysplasia, complex lethal, Symoens-Barnes- Gistelinck type;TAPT1;gene;202018.0;TAPT1;ENSG00000169762;https://omim.org/entry/612758
611663;Micro syndrome;TBC1D20;gene;128637.0;TBC1D20;ENSG00000125875;https://omim.org/entry/611663
613577;DOOR syndrome;TBC1D24;gene;57465.0;TBC1D24;ENSG00000162065;https://omim.org/entry/613577
604934;Hypoparathyroidism-retardation-dysmorphism syndrome, Kenny-Caffey syndrome, type 1;TBCE;gene;6905.0;TBCE;ENSG00000284770;https://omim.org/entry/604934
604613;Congenital hydronephrosisCongenital anomalies of Kidney and Urinary Tract 2;TBX18;gene;9096.0;TBX18;ENSG00000112837;https://omim.org/entry/604613
613846;Meckel-gruber syndrome type 8, Joubert syndrome 24;TCTN2;gene;79867.0;TCTN2;ENSG00000168778;https://omim.org/entry/613846
613847;Joubert syndrome 18, Orofaciodigital syndrome 4;TCTN3;gene;26123.0;TCTN3;ENSG00000119977;https://omim.org/entry/613847
602322;Dyskeratosis congenita;TERC;gene;7012.0;TERC;ENSG00000277925;https://omim.org/entry/602322
107580;Branchiooculofacial Syndrome;TFAP2A;gene;7020.0;TFAP2A;ENSG00000137203;https://omim.org/entry/107580
615403;Beaulieu-Boycott-Innes Syndrome;THOC6;gene;79228.0;THOC6;ENSG00000131652;https://omim.org/entry/615403
614123;Craniofacial dysmorphism, skeletal anomalies, and mental retardation syndrome;TMCO1;gene;54499.0;TMCO1;ENSG00000143183;https://omim.org/entry/614123
614459;Joubert syndrome 16;TMEM138;gene;51524.0;TMEM138;ENSG00000149483;https://omim.org/entry/614459
613277;Joubert syndrome 2, Meckel syndrome;TMEM216;gene;51259.0;TMEM216;ENSG00000187049;https://omim.org/entry/613277
614949;Joubert syndrome type 20, meckel-gruber syndrome type 11;TMEM231;gene;79583.0;TMEM231;ENSG00000205084;https://omim.org/entry/614949
614423;Joubert syndrome type 14;TMEM237;gene;65062.0;TMEM237;ENSG00000155755;https://omim.org/entry/614423
609884;Nephronophtisis 11, Meckel Syndrome 3, Joubert syndrome 6, COACH syndrome;TMEM67;gene;91147.0;TMEM67;ENSG00000164953;https://omim.org/entry/609884
612418;TMEM70-related mitochondrial encephalo-cardio-myopathy;TMEM70;gene;54968.0;TMEM70;ENSG00000175606;https://omim.org/entry/612418
191190;Autosomal dominant periodic fever syndrome;TNFRSF1A;gene;7132.0;TNFRSF1A;ENSG00000067182;https://omim.org/entry/191190
600985;Vesicoureteral Reflux 8 Ehlers-Danlos syndrome due to tenascin-X deficiency;TNXB;gene;7148.0;TNXB;ENSG00000168477;https://omim.org/entry/600985
603273;EEC syndrome, Ectrodactyly, ectodermal dysplasia, and cleft lip,palate syndrome 3;TP63;gene;8626.0;TP63;ENSG00000073282;https://omim.org/entry/603273
607380;Senior-Loken syndrome 9;TRAF3IP1;gene;26146.0;TRAF3IP1;ENSG00000204104;https://omim.org/entry/607380
605958;Seckel syndrome 9;TRAIP;gene;10293.0;TRAIP;ENSG00000183763;https://omim.org/entry/605958
606219;Congenital Anomalies of the Kidney and the Urinary Tract;TRAP1;gene;10131.0;TRAP1;ENSG00000126602;https://omim.org/entry/606219
606609;HERNS syndrome, Vasculopathy, retinal, with cerebral leukodystrophy;TREX1;gene;11277.0;TREX1;ENSG00000213689;https://omim.org/entry/606609
602290;Bardet-biedl syndrome 11;TRIM32;gene;22954.0;TRIM32;ENSG00000119401;https://omim.org/entry/602290
611023;Combined oxidative phosphorylation deficiency 26;TRMT5;gene;57570.0;TRMT5;ENSG00000126814;https://omim.org/entry/611023
612907;Sideroblastic anemia with B-cell immunodeficiency, periodic fevers, and developmental delay;TRNT1;gene;51095.0;TRNT1;ENSG00000072756;https://omim.org/entry/612907
603652;Focal Segmental Glomerulosclerosis 2;TRPC6;gene;7225.0;TRPC6;ENSG00000137672;https://omim.org/entry/603652
607009;Hypomagnesemia 1, intestinal;TRPM6;gene;140803.0;TRPM6;ENSG00000119121;https://omim.org/entry/607009
605284;Tuberous Sclerosis-1;TSC1;gene;7248.0;TSC1;ENSG00000165699;https://omim.org/entry/605284
191092;Tuberous sclerosis-2;TSC2;gene;7249.0;TSC2;ENSG00000103197;https://omim.org/entry/191092
300945;Blackfan-Diamond anemia;TSR2;gene;90121.0;TSR2;ENSG00000158526;https://omim.org/entry/300945
612014;Nephronophthisis 12;TTC21B;gene;79809.0;TTC21B;ENSG00000123607;https://omim.org/entry/612014
614589;Trichohepatonenteric syndrome 1;TTC37;gene;9652.0;TTC37;ENSG00000198677;https://omim.org/entry/614589
608132;Bardet-Biedl Syndrome 8;TTC8;gene;123016.0;TTC8;ENSG00000165533;https://omim.org/entry/608132
176300;Amyloidosis, hereditary, transthyretin-related;TTR;gene;7276.0;TTR;ENSG00000118271;https://omim.org/entry/176300
607556;Focal facial dermal dysplasia type 3;TWIST2;gene;117581.0;TWIST2;ENSG00000233608;https://omim.org/entry/607556
611595;Burn-McKeown syndrome;TXNL4A;gene;10907.0;TXNL4A;ENSG00000141759;https://omim.org/entry/611595
610538;Fanconi anemia;UBE2T;gene;29089.0;UBE2T;ENSG00000077152;https://omim.org/entry/610538
605981;Johanson-Blizzard syndrome;UBR1;gene;197131.0;UBR1;ENSG00000159459;https://omim.org/entry/605981
191845;Medullary cystic kidney disease 2 hyperuricemic nephropathy glomerulocystic kidney disease;UMOD;gene;7369.0;UMOD;ENSG00000169344;https://omim.org/entry/191845
613891;Hereditary orotic aciduria;UMPS;gene;7372.0;UMPS;ENSG00000114491;https://omim.org/entry/613891
606673;Beta-ureidopropionase deficiency;UPB1;gene;51733.0;UPB1;ENSG00000100024;https://omim.org/entry/606673
611559;Renal hypodysplasia, urogenital dysplasia;UPK3A;gene;7380.0;UPK3A;ENSG00000100373;https://omim.org/entry/611559
614461;Mitochondrial complex 3 deficiency, nuclear type 7;UQCC2;gene;84300.0;UQCC2;ENSG00000137288;https://omim.org/entry/614461
300072;Mental retardation, X-linked 99, syndromic, female-restricted;USP9X;gene;8239.0;USP9X;ENSG00000124486;https://omim.org/entry/300072
610132;Caudal regression syndrome;VANGL1;gene;81839.0;VANGL1;ENSG00000173218;https://omim.org/entry/610132
608537;Von Hippel-Lindau Syndrome;VHL;gene;7428.0;VHL;ENSG00000134086;https://omim.org/entry/608537
613401;Arthrogryposis, renal dysfunction, and cholestasis 2, arcs2;VIPAS39;gene;63894.0;VIPAS39;ENSG00000151445;https://omim.org/entry/613401
608552;Arthrogryposis, renal dysfunction, and cholestasis 1, arcs1;VPS33B;gene;26276.0;VPS33B;ENSG00000184056;https://omim.org/entry/608552
300392;Wiskott-Aldrich syndrome;WAS;gene;7454.0;WAS;ENSG00000015285;https://omim.org/entry/300392
613580;Bardet-Biedl syndrome;WDPCP;gene;51057.0;WDPCP;ENSG00000143951;https://omim.org/entry/613580
608151;Senior-Loken syndrome, Short-rib thoracic dysplasia 5, Nephronophthisis type 13, Cranioectodermal dysplasia;WDR19;gene;57728.0;WDR19;ENSG00000157796;https://omim.org/entry/608151
613363;Short rib-polydactyly syndrome, Verma-Naumoff typeShort-rib thoracic dysplasia 11 with or without polydactyly;WDR34;gene;89891.0;WDR34;ENSG00000119333;https://omim.org/entry/613363
613602;"Short rib-polydactyly syndrome, Verma-Naumoff type, Short
rib-polydactyly syndrome (Jeune\'s syndrome) type 7, Cranioectodermal dysplasia type 2";WDR35;gene;57539.0;WDR35;ENSG00000118965;https://omim.org/entry/613602
615462;Short rib-polydactyly syndrome, Verma-Naumoff type, Short rib-polydactyly syndrome (Jeune\'s syndrome) type 8;WDR60;gene;55112.0;WDR60;ENSG00000126870;https://omim.org/entry/615462
616144;Galloway-Mowat syndrome;WDR73;gene;84942.0;WDR73;ENSG00000177082;https://omim.org/entry/616144
606201;Wolfram syndrome type 1;WFS1;gene;7466.0;WFS1;ENSG00000109501;https://omim.org/entry/606201
605232;Pseudohypoaldosteronism, type 2c;WNK1;gene;65125.0;WNK1;ENSG00000060237;https://omim.org/entry/605232
601844;Pseudohypoaldosteronism, type 2b;WNK4;gene;65266.0;WNK4;ENSG00000126562;https://omim.org/entry/601844
165330;Tetraamelia-multiple malformations syndrome;WNT3;gene;7473.0;WNT3;ENSG00000108379;https://omim.org/entry/165330
603490;SERKAL syndrome Mullerian aplasia and hyperandrogenism;WNT4;gene;54361.0;WNT4;ENSG00000162552;https://omim.org/entry/603490
164975;Robinow syndrome, autosomal dominant 1;WNT5A;gene;7474.0;WNT5A;ENSG00000114251;https://omim.org/entry/164975
601570;Ulna and fibula, absense of, with severe limb deficiency;WNT7A;gene;7476.0;WNT7A;ENSG00000154764;https://omim.org/entry/601570
607102;Denys-Drash syndrome, Frasier syndrome, Nephrotic syndrome type 4, Wilms tumor type 1;WT1;gene;7490.0;WT1;ENSG00000184937;https://omim.org/entry/607102
607633;Xanthinuria, type i;XDH;gene;7498.0;XDH;ENSG00000158125;https://omim.org/entry/607633
613553;Nephronophthisis-like nephropathy 1;XPNPEP3;gene;63929.0;XPNPEP3;ENSG00000196236;https://omim.org/entry/613553
194363;Short stature, microcephaly, and endocrine dysfunction;XRCC4;gene;7518.0;XRCC4;ENSG00000152422;https://omim.org/entry/194363
608125;Spondylocular syndrome;XYLT2;gene;64132.0;XYLT2;ENSG00000015532;https://omim.org/entry/608125
606608;Coloboma, ocular, Coloboma, ocular, with or without hearing impairment, cleft lip palate, and or mental retardation;YAP1;gene;10413.0;YAP1;ENSG00000137693;https://omim.org/entry/606608
176947;Autoimmune Disease, multisystem, infantile-onset, 2;ZAP70;gene;7535.0;ZAP70;ENSG00000115085;https://omim.org/entry/176947
300265;VACTERL association, X-linked Heterotaxy, visceral, 1;ZIC3;gene;7547.0;ZIC3;ENSG00000156925;https://omim.org/entry/300265
606480;Restrictive Dermopathy, Lethal;ZMPSTE24;gene;10269.0;ZMPSTE24;ENSG00000084073;https://omim.org/entry/606480
604557;Nephronophthisis-14 Joubert syndrome 16;ZNF423;gene;23090.0;ZNF423;ENSG00000102935;https://omim.org/entry/604557
610568;Paget disease of bone 6;ZNF687;gene;57592.0;ZNF687;ENSG00000143373;https://omim.org/entry/610568
